questionId,sourceQuestionId,currentTopic,correctMasterTopicId,correctMasterTopicName,mappingStatus,mappingReason
"Q-001","9676","आमेर का कछवाहा वंश",42,"आमेर का कछवाहा वंश","CONFIDENT","Content verified: Primary examinable facts in questions align with Master Topic 42 (आमेर का कछवाहा वंश)."
"Q-002","9978","आमेर का कछवाहा वंश",42,"आमेर का कछवाहा वंश","CONFIDENT","Content verified: Primary examinable facts in questions align with Master Topic 42 (आमेर का कछवाहा वंश)."
"Q-003","10267","आमेर का कछवाहा वंश",42,"आमेर का कछवाहा वंश","CONFIDENT","Content verified: Primary examinable facts in questions align with Master Topic 42 (आमेर का कछवाहा वंश)."
"Q-004","9679","गुर्जर-प्रतिहार वंश",44,"गुर्जर-प्रतिहार वंश","CONFIDENT","Content verified: Primary examinable facts in questions align with Master Topic 44 (गुर्जर-प्रतिहार वंश)."
"Q-005","10031","गुर्जर-प्रतिहार वंश",44,"गुर्जर-प्रतिहार वंश","CONFIDENT","Content verified: Primary examinable facts in questions align with Master Topic 44 (गुर्जर-प्रतिहार वंश)."
"Q-006","9641","चौहान वंश",43,"चौहान वंश","CONFIDENT","Content verified: Primary examinable facts in questions align with Master Topic 43 (चौहान वंश)."
"Q-007","9769","चौहान वंश",43,"चौहान वंश","CONFIDENT","Content verified: Primary examinable facts in questions align with Master Topic 43 (चौहान वंश)."
"Q-008","10008","चौहान वंश",43,"चौहान वंश","CONFIDENT","Content verified: Primary examinable facts in questions align with Master Topic 43 (चौहान वंश)."
"Q-009","10236","चौहान वंश",43,"चौहान वंश","CONFIDENT","Content verified: Primary examinable facts in questions align with Master Topic 43 (चौहान वंश)."
"Q-010","9633","मेवाड़ का गुहिल_गुहिलोत वंश",41,"मेवाड़ का गुहिल/गुहिलोत वंश","CONFIDENT","Content verified: Primary examinable facts in questions align with Master Topic 41 (मेवाड़ का गुहिल/गुहिलोत वंश)."
"Q-011","9659","मेवाड़ का गुहिल_गुहिलोत वंश",41,"मेवाड़ का गुहिल/गुहिलोत वंश","CONFIDENT","Content verified: Primary examinable facts in questions align with Master Topic 41 (मेवाड़ का गुहिल/गुहिलोत वंश)."
"Q-012","9715","मेवाड़ का गुहिल_गुहिलोत वंश",41,"मेवाड़ का गुहिल/गुहिलोत वंश","CONFIDENT","Content verified: Primary examinable facts in questions align with Master Topic 41 (मेवाड़ का गुहिल/गुहिलोत वंश)."
"Q-013","9907","मेवाड़ का गुहिल_गुहिलोत वंश",41,"मेवाड़ का गुहिल/गुहिलोत वंश","CONFIDENT","Content verified: Primary examinable facts in questions align with Master Topic 41 (मेवाड़ का गुहिल/गुहिलोत वंश)."
"Q-014","9953","मेवाड़ का गुहिल_गुहिलोत वंश",41,"मेवाड़ का गुहिल/गुहिलोत वंश","CONFIDENT","Content verified: Primary examinable facts in questions align with Master Topic 41 (मेवाड़ का गुहिल/गुहिलोत वंश)."
"Q-015","10141","मेवाड़ का गुहिल_गुहिलोत वंश",41,"मेवाड़ का गुहिल/गुहिलोत वंश","CONFIDENT","Content verified: Primary examinable facts in questions align with Master Topic 41 (मेवाड़ का गुहिल/गुहिलोत वंश)."
"Q-016","10230","मेवाड़ का गुहिल_गुहिलोत वंश",41,"मेवाड़ का गुहिल/गुहिलोत वंश","CONFIDENT","Content verified: Primary examinable facts in questions align with Master Topic 41 (मेवाड़ का गुहिल/गुहिलोत वंश)."
"Q-017","10326","मेवाड़ का गुहिल_गुहिलोत वंश",41,"मेवाड़ का गुहिल/गुहिलोत वंश","CONFIDENT","Content verified: Primary examinable facts in questions align with Master Topic 41 (मेवाड़ का गुहिल/गुहिलोत वंश)."
"Q-018","10548","मेवाड़ का गुहिल_गुहिलोत वंश",41,"मेवाड़ का गुहिल/गुहिलोत वंश","CONFIDENT","Content verified: Primary examinable facts in questions align with Master Topic 41 (मेवाड़ का गुहिल/गुहिलोत वंश)."
"Q-019","14","राजस्थान का एकीकरण",54,"राजस्थान का एकीकरण","CONFIDENT","Content verified: Primary examinable facts in questions align with Master Topic 54 (राजस्थान का एकीकरण)."
"Q-020","92","राजस्थान का एकीकरण",54,"राजस्थान का एकीकरण","CONFIDENT","Content verified: Primary examinable facts in questions align with Master Topic 54 (राजस्थान का एकीकरण)."
"Q-021","263","राजस्थान का एकीकरण",54,"राजस्थान का एकीकरण","CONFIDENT","Content verified: Primary examinable facts in questions align with Master Topic 54 (राजस्थान का एकीकरण)."
"Q-022","327","राजस्थान का एकीकरण",54,"राजस्थान का एकीकरण","CONFIDENT","Content verified: Primary examinable facts in questions align with Master Topic 54 (राजस्थान का एकीकरण)."
"Q-023","442","राजस्थान का एकीकरण",54,"राजस्थान का एकीकरण","CONFIDENT","Content verified: Primary examinable facts in questions align with Master Topic 54 (राजस्थान का एकीकरण)."
"Q-024","561","राजस्थान का एकीकरण",54,"राजस्थान का एकीकरण","CONFIDENT","Content verified: Primary examinable facts in questions align with Master Topic 54 (राजस्थान का एकीकरण)."
"Q-025","11547","राजस्थान का परिवहन",18,"राजस्थान का परिवहन","CONFIDENT","Content verified: Primary examinable facts in questions align with Master Topic 18 (राजस्थान का परिवहन)."
"Q-026","11568","राजस्थान का परिवहन",18,"राजस्थान का परिवहन","CONFIDENT","Content verified: Primary examinable facts in questions align with Master Topic 18 (राजस्थान का परिवहन)."
"Q-027","11588","राजस्थान का परिवहन",18,"राजस्थान का परिवहन","CONFIDENT","Content verified: Primary examinable facts in questions align with Master Topic 18 (राजस्थान का परिवहन)."
"Q-028","11609","राजस्थान का परिवहन",18,"राजस्थान का परिवहन","CONFIDENT","Content verified: Primary examinable facts in questions align with Master Topic 18 (राजस्थान का परिवहन)."
"Q-029","11624","राजस्थान का परिवहन",18,"राजस्थान का परिवहन","CONFIDENT","Content verified: Primary examinable facts in questions align with Master Topic 18 (राजस्थान का परिवहन)."
"Q-030","11643","राजस्थान का परिवहन",18,"राजस्थान का परिवहन","CONFIDENT","Content verified: Primary examinable facts in questions align with Master Topic 18 (राजस्थान का परिवहन)."
"Q-031","5551","राजस्थान का पर्यटन",19,"राजस्थान का पर्यटन","CONFIDENT","Content verified: Primary examinable facts in questions align with Master Topic 19 (राजस्थान का पर्यटन)."
"Q-032","5571","राजस्थान का पर्यटन",19,"राजस्थान का पर्यटन","CONFIDENT","Content verified: Primary examinable facts in questions align with Master Topic 19 (राजस्थान का पर्यटन)."
"Q-033","5592","राजस्थान का पर्यटन",19,"राजस्थान का पर्यटन","CONFIDENT","Content verified: Primary examinable facts in questions align with Master Topic 19 (राजस्थान का पर्यटन)."
"Q-034","5612","राजस्थान का पर्यटन",19,"राजस्थान का पर्यटन","CONFIDENT","Content verified: Primary examinable facts in questions align with Master Topic 19 (राजस्थान का पर्यटन)."
"Q-035","5632","राजस्थान का पर्यटन",19,"राजस्थान का पर्यटन","CONFIDENT","Content verified: Primary examinable facts in questions align with Master Topic 19 (राजस्थान का पर्यटन)."
"Q-036","5652","राजस्थान का पर्यटन",19,"राजस्थान का पर्यटन","CONFIDENT","Content verified: Primary examinable facts in questions align with Master Topic 19 (राजस्थान का पर्यटन)."
"Q-037","5674","राजस्थान का पर्यटन",19,"राजस्थान का पर्यटन","CONFIDENT","Content verified: Primary examinable facts in questions align with Master Topic 19 (राजस्थान का पर्यटन)."
"Q-038","5694","राजस्थान का पर्यटन",19,"राजस्थान का पर्यटन","CONFIDENT","Content verified: Primary examinable facts in questions align with Master Topic 19 (राजस्थान का पर्यटन)."
"Q-039","5715","राजस्थान का पर्यटन",19,"राजस्थान का पर्यटन","CONFIDENT","Content verified: Primary examinable facts in questions align with Master Topic 19 (राजस्थान का पर्यटन)."
"Q-040","5736","राजस्थान का पर्यटन",19,"राजस्थान का पर्यटन","CONFIDENT","Content verified: Primary examinable facts in questions align with Master Topic 19 (राजस्थान का पर्यटन)."
"Q-041","5755","राजस्थान का पर्यटन",19,"राजस्थान का पर्यटन","CONFIDENT","Content verified: Primary examinable facts in questions align with Master Topic 19 (राजस्थान का पर्यटन)."
"Q-042","5949","राजस्थान का पर्यटन",19,"राजस्थान का पर्यटन","CONFIDENT","Content verified: Primary examinable facts in questions align with Master Topic 19 (राजस्थान का पर्यटन)."
"Q-043","1431","राजस्थान का पशुपालन",14,"राजस्थान का पशुपालन","CONFIDENT","Content verified: Primary examinable facts in questions align with Master Topic 14 (राजस्थान का पशुपालन)."
"Q-044","1526","राजस्थान का पशुपालन",14,"राजस्थान का पशुपालन","CONFIDENT","Content verified: Primary examinable facts in questions align with Master Topic 14 (राजस्थान का पशुपालन)."
"Q-045","1548","राजस्थान का पशुपालन",14,"राजस्थान का पशुपालन","CONFIDENT","Content verified: Primary examinable facts in questions align with Master Topic 14 (राजस्थान का पशुपालन)."
"Q-046","1665","राजस्थान का पशुपालन",14,"राजस्थान का पशुपालन","CONFIDENT","Content verified: Primary examinable facts in questions align with Master Topic 14 (राजस्थान का पशुपालन)."
"Q-047","1701","राजस्थान का पशुपालन",14,"राजस्थान का पशुपालन","CONFIDENT","Content verified: Primary examinable facts in questions align with Master Topic 14 (राजस्थान का पशुपालन)."
"Q-048","1748","राजस्थान का पशुपालन",14,"राजस्थान का पशुपालन","CONFIDENT","Content verified: Primary examinable facts in questions align with Master Topic 14 (राजस्थान का पशुपालन)."
"Q-049","1848","राजस्थान का पशुपालन",14,"राजस्थान का पशुपालन","CONFIDENT","Content verified: Primary examinable facts in questions align with Master Topic 14 (राजस्थान का पशुपालन)."
"Q-050","1900","राजस्थान का पशुपालन",14,"राजस्थान का पशुपालन","CONFIDENT","Content verified: Primary examinable facts in questions align with Master Topic 14 (राजस्थान का पशुपालन)."
"Q-051","1977","राजस्थान का पशुपालन",14,"राजस्थान का पशुपालन","CONFIDENT","Content verified: Primary examinable facts in questions align with Master Topic 14 (राजस्थान का पशुपालन)."
"Q-052","2277","राजस्थान का पशुपालन",14,"राजस्थान का पशुपालन","CONFIDENT","Content verified: Primary examinable facts in questions align with Master Topic 14 (राजस्थान का पशुपालन)."
"Q-053","7130","राजस्थान का भौतिक स्वरूप एवं भूगोल",2,"राजस्थान का भौतिक स्वरूप एवं भूगोल","CONFIDENT","Content verified: Primary examinable facts in questions align with Master Topic 2 (राजस्थान का भौतिक स्वरूप एवं भूगोल)."
"Q-054","7152","राजस्थान का भौतिक स्वरूप एवं भूगोल",2,"राजस्थान का भौतिक स्वरूप एवं भूगोल","CONFIDENT","Content verified: Primary examinable facts in questions align with Master Topic 2 (राजस्थान का भौतिक स्वरूप एवं भूगोल)."
"Q-055","7178","राजस्थान का भौतिक स्वरूप एवं भूगोल",2,"राजस्थान का भौतिक स्वरूप एवं भूगोल","CONFIDENT","Content verified: Primary examinable facts in questions align with Master Topic 2 (राजस्थान का भौतिक स्वरूप एवं भूगोल)."
"Q-056","7190","राजस्थान का भौतिक स्वरूप एवं भूगोल",2,"राजस्थान का भौतिक स्वरूप एवं भूगोल","CONFIDENT","Content verified: Primary examinable facts in questions align with Master Topic 2 (राजस्थान का भौतिक स्वरूप एवं भूगोल)."
"Q-057","7210","राजस्थान का भौतिक स्वरूप एवं भूगोल",2,"राजस्थान का भौतिक स्वरूप एवं भूगोल","CONFIDENT","Content verified: Primary examinable facts in questions align with Master Topic 2 (राजस्थान का भौतिक स्वरूप एवं भूगोल)."
"Q-058","7231","राजस्थान का भौतिक स्वरूप एवं भूगोल",2,"राजस्थान का भौतिक स्वरूप एवं भूगोल","CONFIDENT","Content verified: Primary examinable facts in questions align with Master Topic 2 (राजस्थान का भौतिक स्वरूप एवं भूगोल)."
"Q-059","7253","राजस्थान का भौतिक स्वरूप एवं भूगोल",2,"राजस्थान का भौतिक स्वरूप एवं भूगोल","CONFIDENT","Content verified: Primary examinable facts in questions align with Master Topic 2 (राजस्थान का भौतिक स्वरूप एवं भूगोल)."
"Q-060","7268","राजस्थान का भौतिक स्वरूप एवं भूगोल",2,"राजस्थान का भौतिक स्वरूप एवं भूगोल","CONFIDENT","Content verified: Primary examinable facts in questions align with Master Topic 2 (राजस्थान का भौतिक स्वरूप एवं भूगोल)."
"Q-061","7289","राजस्थान का भौतिक स्वरूप एवं भूगोल",2,"राजस्थान का भौतिक स्वरूप एवं भूगोल","CONFIDENT","Content verified: Primary examinable facts in questions align with Master Topic 2 (राजस्थान का भौतिक स्वरूप एवं भूगोल)."
"Q-062","7308","राजस्थान का भौतिक स्वरूप एवं भूगोल",2,"राजस्थान का भौतिक स्वरूप एवं भूगोल","CONFIDENT","Content verified: Primary examinable facts in questions align with Master Topic 2 (राजस्थान का भौतिक स्वरूप एवं भूगोल)."
"Q-063","7329","राजस्थान का भौतिक स्वरूप एवं भूगोल",2,"राजस्थान का भौतिक स्वरूप एवं भूगोल","CONFIDENT","Content verified: Primary examinable facts in questions align with Master Topic 2 (राजस्थान का भौतिक स्वरूप एवं भूगोल)."
"Q-064","7350","राजस्थान का भौतिक स्वरूप एवं भूगोल",2,"राजस्थान का भौतिक स्वरूप एवं भूगोल","CONFIDENT","Content verified: Primary examinable facts in questions align with Master Topic 2 (राजस्थान का भौतिक स्वरूप एवं भूगोल)."
"Q-065","7371","राजस्थान का भौतिक स्वरूप एवं भूगोल",2,"राजस्थान का भौतिक स्वरूप एवं भूगोल","CONFIDENT","Content verified: Primary examinable facts in questions align with Master Topic 2 (राजस्थान का भौतिक स्वरूप एवं भूगोल)."
"Q-066","7392","राजस्थान का भौतिक स्वरूप एवं भूगोल",2,"राजस्थान का भौतिक स्वरूप एवं भूगोल","CONFIDENT","Content verified: Primary examinable facts in questions align with Master Topic 2 (राजस्थान का भौतिक स्वरूप एवं भूगोल)."
"Q-067","7413","राजस्थान का भौतिक स्वरूप एवं भूगोल",2,"राजस्थान का भौतिक स्वरूप एवं भूगोल","CONFIDENT","Content verified: Primary examinable facts in questions align with Master Topic 2 (राजस्थान का भौतिक स्वरूप एवं भूगोल)."
"Q-068","7429","राजस्थान का भौतिक स्वरूप एवं भूगोल",2,"राजस्थान का भौतिक स्वरूप एवं भूगोल","CONFIDENT","Content verified: Primary examinable facts in questions align with Master Topic 2 (राजस्थान का भौतिक स्वरूप एवं भूगोल)."
"Q-069","7450","राजस्थान का भौतिक स्वरूप एवं भूगोल",2,"राजस्थान का भौतिक स्वरूप एवं भूगोल","CONFIDENT","Content verified: Primary examinable facts in questions align with Master Topic 2 (राजस्थान का भौतिक स्वरूप एवं भूगोल)."
"Q-070","7469","राजस्थान का भौतिक स्वरूप एवं भूगोल",2,"राजस्थान का भौतिक स्वरूप एवं भूगोल","CONFIDENT","Content verified: Primary examinable facts in questions align with Master Topic 2 (राजस्थान का भौतिक स्वरूप एवं भूगोल)."
"Q-071","19549","राजस्थान का भौतिक स्वरूप एवं भूगोल",2,"राजस्थान का भौतिक स्वरूप एवं भूगोल","CONFIDENT","Content verified: Primary examinable facts in questions align with Master Topic 2 (राजस्थान का भौतिक स्वरूप एवं भूगोल)."
"Q-072","19553","राजस्थान का भौतिक स्वरूप एवं भूगोल",2,"राजस्थान का भौतिक स्वरूप एवं भूगोल","CONFIDENT","Content verified: Primary examinable facts in questions align with Master Topic 2 (राजस्थान का भौतिक स्वरूप एवं भूगोल)."
"Q-073","7523","राजस्थान का भौतिक स्वरूप एवं भूगोल",2,"राजस्थान का भौतिक स्वरूप एवं भूगोल","CONFIDENT","Content verified: Primary examinable facts in questions align with Master Topic 2 (राजस्थान का भौतिक स्वरूप एवं भूगोल)."
"Q-074","19567","राजस्थान का भौतिक स्वरूप एवं भूगोल",2,"राजस्थान का भौतिक स्वरूप एवं भूगोल","CONFIDENT","Content verified: Primary examinable facts in questions align with Master Topic 2 (राजस्थान का भौतिक स्वरूप एवं भूगोल)."
"Q-075","7745","राजस्थान का भौतिक स्वरूप एवं भूगोल",2,"राजस्थान का भौतिक स्वरूप एवं भूगोल","CONFIDENT","Content verified: Primary examinable facts in questions align with Master Topic 2 (राजस्थान का भौतिक स्वरूप एवं भूगोल)."
"Q-076","7935","राजस्थान का राजपूत काल",40,"राजस्थान का राजपूत काल","CONFIDENT","Content verified: Primary examinable facts in questions align with Master Topic 40 (राजस्थान का राजपूत काल)."
"Q-077","9686","राजस्थान का राजपूत काल",40,"राजस्थान का राजपूत काल","CONFIDENT","Content verified: Primary examinable facts in questions align with Master Topic 40 (राजस्थान का राजपूत काल)."
"Q-078","9736","राजस्थान का राजपूत काल",40,"राजस्थान का राजपूत काल","CONFIDENT","Content verified: Primary examinable facts in questions align with Master Topic 40 (राजस्थान का राजपूत काल)."
"Q-079","9788","राजस्थान का राजपूत काल",40,"राजस्थान का राजपूत काल","CONFIDENT","Content verified: Primary examinable facts in questions align with Master Topic 40 (राजस्थान का राजपूत काल)."
"Q-080","9863","राजस्थान का राजपूत काल",40,"राजस्थान का राजपूत काल","CONFIDENT","Content verified: Primary examinable facts in questions align with Master Topic 40 (राजस्थान का राजपूत काल)."
"Q-081","9885","राजस्थान का राजपूत काल",40,"राजस्थान का राजपूत काल","CONFIDENT","Content verified: Primary examinable facts in questions align with Master Topic 40 (राजस्थान का राजपूत काल)."
"Q-082","9929","राजस्थान का राजपूत काल",40,"राजस्थान का राजपूत काल","CONFIDENT","Content verified: Primary examinable facts in questions align with Master Topic 40 (राजस्थान का राजपूत काल)."
"Q-083","9967","राजस्थान का राजपूत काल",40,"राजस्थान का राजपूत काल","CONFIDENT","Content verified: Primary examinable facts in questions align with Master Topic 40 (राजस्थान का राजपूत काल)."
"Q-084","10021","राजस्थान का राजपूत काल",40,"राजस्थान का राजपूत काल","CONFIDENT","Content verified: Primary examinable facts in questions align with Master Topic 40 (राजस्थान का राजपूत काल)."
"Q-085","10070","राजस्थान का राजपूत काल",40,"राजस्थान का राजपूत काल","CONFIDENT","Content verified: Primary examinable facts in questions align with Master Topic 40 (राजस्थान का राजपूत काल)."
"Q-086","10106","राजस्थान का राजपूत काल",40,"राजस्थान का राजपूत काल","CONFIDENT","Content verified: Primary examinable facts in questions align with Master Topic 40 (राजस्थान का राजपूत काल)."
"Q-087","20096","राजस्थान का राजपूत काल",40,"राजस्थान का राजपूत काल","CONFIDENT","Content verified: Primary examinable facts in questions align with Master Topic 40 (राजस्थान का राजपूत काल)."
"Q-088","10181","राजस्थान का राजपूत काल",40,"राजस्थान का राजपूत काल","CONFIDENT","Content verified: Primary examinable facts in questions align with Master Topic 40 (राजस्थान का राजपूत काल)."
"Q-089","10222","राजस्थान का राजपूत काल",40,"राजस्थान का राजपूत काल","CONFIDENT","Content verified: Primary examinable facts in questions align with Master Topic 40 (राजस्थान का राजपूत काल)."
"Q-090","20101","राजस्थान का राजपूत काल",40,"राजस्थान का राजपूत काल","CONFIDENT","Content verified: Primary examinable facts in questions align with Master Topic 40 (राजस्थान का राजपूत काल)."
"Q-091","10274","राजस्थान का राजपूत काल",40,"राजस्थान का राजपूत काल","CONFIDENT","Content verified: Primary examinable facts in questions align with Master Topic 40 (राजस्थान का राजपूत काल)."
"Q-092","10314","राजस्थान का राजपूत काल",40,"राजस्थान का राजपूत काल","CONFIDENT","Content verified: Primary examinable facts in questions align with Master Topic 40 (राजस्थान का राजपूत काल)."
"Q-093","10339","राजस्थान का राजपूत काल",40,"राजस्थान का राजपूत काल","CONFIDENT","Content verified: Primary examinable facts in questions align with Master Topic 40 (राजस्थान का राजपूत काल)."
"Q-094","20131","राजस्थान का राजपूत काल",40,"राजस्थान का राजपूत काल","CONFIDENT","Content verified: Primary examinable facts in questions align with Master Topic 40 (राजस्थान का राजपूत काल)."
"Q-095","20142","राजस्थान का राजपूत काल",40,"राजस्थान का राजपूत काल","CONFIDENT","Content verified: Primary examinable facts in questions align with Master Topic 40 (राजस्थान का राजपूत काल)."
"Q-096","10752","राजस्थान का राजपूत काल",40,"राजस्थान का राजपूत काल","CONFIDENT","Content verified: Primary examinable facts in questions align with Master Topic 40 (राजस्थान का राजपूत काल)."
"Q-097","15267","राजस्थान का लोक संगीत एवं लोकगीत",30,"राजस्थान का लोक संगीत एवं लोकगीत","CONFIDENT","Content verified: Primary examinable facts in questions align with Master Topic 30 (राजस्थान का लोक संगीत एवं लोकगीत)."
"Q-098","15330","राजस्थान का लोक संगीत एवं लोकगीत",30,"राजस्थान का लोक संगीत एवं लोकगीत","CONFIDENT","Content verified: Primary examinable facts in questions align with Master Topic 30 (राजस्थान का लोक संगीत एवं लोकगीत)."
"Q-099","15318","राजस्थान का लोक संगीत एवं लोकगीत",30,"राजस्थान का लोक संगीत एवं लोकगीत","CONFIDENT","Content verified: Primary examinable facts in questions align with Master Topic 30 (राजस्थान का लोक संगीत एवं लोकगीत)."
"Q-100","15354","राजस्थान का लोक संगीत एवं लोकगीत",30,"राजस्थान का लोक संगीत एवं लोकगीत","CONFIDENT","Content verified: Primary examinable facts in questions align with Master Topic 30 (राजस्थान का लोक संगीत एवं लोकगीत)."
"Q-101","15403","राजस्थान का लोक संगीत एवं लोकगीत",30,"राजस्थान का लोक संगीत एवं लोकगीत","CONFIDENT","Content verified: Primary examinable facts in questions align with Master Topic 30 (राजस्थान का लोक संगीत एवं लोकगीत)."
"Q-102","15414","राजस्थान का लोक संगीत एवं लोकगीत",30,"राजस्थान का लोक संगीत एवं लोकगीत","CONFIDENT","Content verified: Primary examinable facts in questions align with Master Topic 30 (राजस्थान का लोक संगीत एवं लोकगीत)."
"Q-103","15466","राजस्थान का लोक संगीत एवं लोकगीत",30,"राजस्थान का लोक संगीत एवं लोकगीत","CONFIDENT","Content verified: Primary examinable facts in questions align with Master Topic 30 (राजस्थान का लोक संगीत एवं लोकगीत)."
"Q-104","15489","राजस्थान का लोक संगीत एवं लोकगीत",30,"राजस्थान का लोक संगीत एवं लोकगीत","CONFIDENT","Content verified: Primary examinable facts in questions align with Master Topic 30 (राजस्थान का लोक संगीत एवं लोकगीत)."
"Q-105","15524","राजस्थान का लोक संगीत एवं लोकगीत",30,"राजस्थान का लोक संगीत एवं लोकगीत","CONFIDENT","Content verified: Primary examinable facts in questions align with Master Topic 30 (राजस्थान का लोक संगीत एवं लोकगीत)."
"Q-106","15570","राजस्थान का लोक संगीत एवं लोकगीत",30,"राजस्थान का लोक संगीत एवं लोकगीत","CONFIDENT","Content verified: Primary examinable facts in questions align with Master Topic 30 (राजस्थान का लोक संगीत एवं लोकगीत)."
"Q-107","15602","राजस्थान का लोक संगीत एवं लोकगीत",30,"राजस्थान का लोक संगीत एवं लोकगीत","CONFIDENT","Content verified: Primary examinable facts in questions align with Master Topic 30 (राजस्थान का लोक संगीत एवं लोकगीत)."
"Q-108","15632","राजस्थान का लोक संगीत एवं लोकगीत",30,"राजस्थान का लोक संगीत एवं लोकगीत","CONFIDENT","Content verified: Primary examinable facts in questions align with Master Topic 30 (राजस्थान का लोक संगीत एवं लोकगीत)."
"Q-109","15673","राजस्थान का लोक संगीत एवं लोकगीत",30,"राजस्थान का लोक संगीत एवं लोकगीत","CONFIDENT","Content verified: Primary examinable facts in questions align with Master Topic 30 (राजस्थान का लोक संगीत एवं लोकगीत)."
"Q-110","15914","राजस्थान का लोक संगीत एवं लोकगीत",30,"राजस्थान का लोक संगीत एवं लोकगीत","CONFIDENT","Content verified: Primary examinable facts in questions align with Master Topic 30 (राजस्थान का लोक संगीत एवं लोकगीत)."
"Q-111","13393","राजस्थान का सामान्य ज्ञान",1,"राजस्थान का सामान्य ज्ञान","CONFIDENT","Content verified: Primary examinable facts in questions align with Master Topic 1 (राजस्थान का सामान्य ज्ञान)."
"Q-112","13416","राजस्थान का सामान्य ज्ञान",1,"राजस्थान का सामान्य ज्ञान","CONFIDENT","Content verified: Primary examinable facts in questions align with Master Topic 1 (राजस्थान का सामान्य ज्ञान)."
"Q-113","13434","राजस्थान का सामान्य ज्ञान",1,"राजस्थान का सामान्य ज्ञान","CONFIDENT","Content verified: Primary examinable facts in questions align with Master Topic 1 (राजस्थान का सामान्य ज्ञान)."
"Q-114","13455","राजस्थान का सामान्य ज्ञान",1,"राजस्थान का सामान्य ज्ञान","CONFIDENT","Content verified: Primary examinable facts in questions align with Master Topic 1 (राजस्थान का सामान्य ज्ञान)."
"Q-115","13476","राजस्थान का सामान्य ज्ञान",1,"राजस्थान का सामान्य ज्ञान","CONFIDENT","Content verified: Primary examinable facts in questions align with Master Topic 1 (राजस्थान का सामान्य ज्ञान)."
"Q-116","13496","राजस्थान का सामान्य ज्ञान",1,"राजस्थान का सामान्य ज्ञान","CONFIDENT","Content verified: Primary examinable facts in questions align with Master Topic 1 (राजस्थान का सामान्य ज्ञान)."
"Q-117","13516","राजस्थान का सामान्य ज्ञान",1,"राजस्थान का सामान्य ज्ञान","CONFIDENT","Content verified: Primary examinable facts in questions align with Master Topic 1 (राजस्थान का सामान्य ज्ञान)."
"Q-118","13538","राजस्थान का सामान्य ज्ञान",1,"राजस्थान का सामान्य ज्ञान","CONFIDENT","Content verified: Primary examinable facts in questions align with Master Topic 1 (राजस्थान का सामान्य ज्ञान)."
"Q-119","13555","राजस्थान का सामान्य ज्ञान",1,"राजस्थान का सामान्य ज्ञान","CONFIDENT","Content verified: Primary examinable facts in questions align with Master Topic 1 (राजस्थान का सामान्य ज्ञान)."
"Q-120","13570","राजस्थान का सामान्य ज्ञान",1,"राजस्थान का सामान्य ज्ञान","CONFIDENT","Content verified: Primary examinable facts in questions align with Master Topic 1 (राजस्थान का सामान्य ज्ञान)."
"Q-121","13627","राजस्थान का सामान्य ज्ञान",1,"राजस्थान का सामान्य ज्ञान","CONFIDENT","Content verified: Primary examinable facts in questions align with Master Topic 1 (राजस्थान का सामान्य ज्ञान)."
"Q-122","1424","राजस्थान की कृषि",13,"राजस्थान की कृषि","CONFIDENT","Content verified: Primary examinable facts in questions align with Master Topic 13 (राजस्थान की कृषि)."
"Q-123","1451","राजस्थान की कृषि",13,"राजस्थान की कृषि","CONFIDENT","Content verified: Primary examinable facts in questions align with Master Topic 13 (राजस्थान की कृषि)."
"Q-124","1481","राजस्थान की कृषि",13,"राजस्थान की कृषि","CONFIDENT","Content verified: Primary examinable facts in questions align with Master Topic 13 (राजस्थान की कृषि)."
"Q-125","1501","राजस्थान की कृषि",13,"राजस्थान की कृषि","CONFIDENT","Content verified: Primary examinable facts in questions align with Master Topic 13 (राजस्थान की कृषि)."
"Q-126","1522","राजस्थान की कृषि",13,"राजस्थान की कृषि","CONFIDENT","Content verified: Primary examinable facts in questions align with Master Topic 13 (राजस्थान की कृषि)."
"Q-127","1583","राजस्थान की कृषि",13,"राजस्थान की कृषि","CONFIDENT","Content verified: Primary examinable facts in questions align with Master Topic 13 (राजस्थान की कृषि)."
"Q-128","1620","राजस्थान की कृषि",13,"राजस्थान की कृषि","CONFIDENT","Content verified: Primary examinable facts in questions align with Master Topic 13 (राजस्थान की कृषि)."
"Q-129","1641","राजस्थान की कृषि",13,"राजस्थान की कृषि","CONFIDENT","Content verified: Primary examinable facts in questions align with Master Topic 13 (राजस्थान की कृषि)."
"Q-130","1690","राजस्थान की कृषि",13,"राजस्थान की कृषि","CONFIDENT","Content verified: Primary examinable facts in questions align with Master Topic 13 (राजस्थान की कृषि)."
"Q-131","1719","राजस्थान की कृषि",13,"राजस्थान की कृषि","CONFIDENT","Content verified: Primary examinable facts in questions align with Master Topic 13 (राजस्थान की कृषि)."
"Q-132","1751","राजस्थान की कृषि",13,"राजस्थान की कृषि","CONFIDENT","Content verified: Primary examinable facts in questions align with Master Topic 13 (राजस्थान की कृषि)."
"Q-133","18786","राजस्थान की कृषि",13,"राजस्थान की कृषि","CONFIDENT","Content verified: Primary examinable facts in questions align with Master Topic 13 (राजस्थान की कृषि)."
"Q-134","1791","राजस्थान की कृषि",13,"राजस्थान की कृषि","CONFIDENT","Content verified: Primary examinable facts in questions align with Master Topic 13 (राजस्थान की कृषि)."
"Q-135","1822","राजस्थान की कृषि",13,"राजस्थान की कृषि","CONFIDENT","Content verified: Primary examinable facts in questions align with Master Topic 13 (राजस्थान की कृषि)."
"Q-136","1850","राजस्थान की कृषि",13,"राजस्थान की कृषि","CONFIDENT","Content verified: Primary examinable facts in questions align with Master Topic 13 (राजस्थान की कृषि)."
"Q-137","1889","राजस्थान की कृषि",13,"राजस्थान की कृषि","CONFIDENT","Content verified: Primary examinable facts in questions align with Master Topic 13 (राजस्थान की कृषि)."
"Q-138","1912","राजस्थान की कृषि",13,"राजस्थान की कृषि","CONFIDENT","Content verified: Primary examinable facts in questions align with Master Topic 13 (राजस्थान की कृषि)."
"Q-139","18797","राजस्थान की कृषि",13,"राजस्थान की कृषि","CONFIDENT","Content verified: Primary examinable facts in questions align with Master Topic 13 (राजस्थान की कृषि)."
"Q-140","1961","राजस्थान की कृषि",13,"राजस्थान की कृषि","CONFIDENT","Content verified: Primary examinable facts in questions align with Master Topic 13 (राजस्थान की कृषि)."
"Q-141","1986","राजस्थान की कृषि",13,"राजस्थान की कृषि","CONFIDENT","Content verified: Primary examinable facts in questions align with Master Topic 13 (राजस्थान की कृषि)."
"Q-142","2007","राजस्थान की कृषि",13,"राजस्थान की कृषि","CONFIDENT","Content verified: Primary examinable facts in questions align with Master Topic 13 (राजस्थान की कृषि)."
"Q-143","2028","राजस्थान की कृषि",13,"राजस्थान की कृषि","CONFIDENT","Content verified: Primary examinable facts in questions align with Master Topic 13 (राजस्थान की कृषि)."
"Q-144","2050","राजस्थान की कृषि",13,"राजस्थान की कृषि","CONFIDENT","Content verified: Primary examinable facts in questions align with Master Topic 13 (राजस्थान की कृषि)."
"Q-145","2141","राजस्थान की कृषि",13,"राजस्थान की कृषि","CONFIDENT","Content verified: Primary examinable facts in questions align with Master Topic 13 (राजस्थान की कृषि)."
"Q-146","2778","राजस्थान की चित्रकला शैलियाँ",26,"राजस्थान की चित्रकला शैलियाँ","CONFIDENT","Content verified: Primary examinable facts in questions align with Master Topic 26 (राजस्थान की चित्रकला शैलियाँ)."
"Q-147","2798","राजस्थान की चित्रकला शैलियाँ",26,"राजस्थान की चित्रकला शैलियाँ","CONFIDENT","Content verified: Primary examinable facts in questions align with Master Topic 26 (राजस्थान की चित्रकला शैलियाँ)."
"Q-148","2818","राजस्थान की चित्रकला शैलियाँ",26,"राजस्थान की चित्रकला शैलियाँ","CONFIDENT","Content verified: Primary examinable facts in questions align with Master Topic 26 (राजस्थान की चित्रकला शैलियाँ)."
"Q-149","2838","राजस्थान की चित्रकला शैलियाँ",26,"राजस्थान की चित्रकला शैलियाँ","CONFIDENT","Content verified: Primary examinable facts in questions align with Master Topic 26 (राजस्थान की चित्रकला शैलियाँ)."
"Q-150","2859","राजस्थान की चित्रकला शैलियाँ",26,"राजस्थान की चित्रकला शैलियाँ","CONFIDENT","Content verified: Primary examinable facts in questions align with Master Topic 26 (राजस्थान की चित्रकला शैलियाँ)."
"Q-151","2880","राजस्थान की चित्रकला शैलियाँ",26,"राजस्थान की चित्रकला शैलियाँ","CONFIDENT","Content verified: Primary examinable facts in questions align with Master Topic 26 (राजस्थान की चित्रकला शैलियाँ)."
"Q-152","2903","राजस्थान की चित्रकला शैलियाँ",26,"राजस्थान की चित्रकला शैलियाँ","CONFIDENT","Content verified: Primary examinable facts in questions align with Master Topic 26 (राजस्थान की चित्रकला शैलियाँ)."
"Q-153","2923","राजस्थान की चित्रकला शैलियाँ",26,"राजस्थान की चित्रकला शैलियाँ","CONFIDENT","Content verified: Primary examinable facts in questions align with Master Topic 26 (राजस्थान की चित्रकला शैलियाँ)."
"Q-154","2999","राजस्थान की चित्रकला शैलियाँ",26,"राजस्थान की चित्रकला शैलियाँ","CONFIDENT","Content verified: Primary examinable facts in questions align with Master Topic 26 (राजस्थान की चित्रकला शैलियाँ)."
"Q-155","3061","राजस्थान की जनसंख्या एवं जनगणना",5,"राजस्थान की जनसंख्या एवं जनगणना","CONFIDENT","Content verified: Primary examinable facts in questions align with Master Topic 5 (राजस्थान की जनसंख्या एवं जनगणना)."
"Q-156","3080","राजस्थान की जनसंख्या एवं जनगणना",5,"राजस्थान की जनसंख्या एवं जनगणना","CONFIDENT","Content verified: Primary examinable facts in questions align with Master Topic 5 (राजस्थान की जनसंख्या एवं जनगणना)."
"Q-157","3103","राजस्थान की जनसंख्या एवं जनगणना",5,"राजस्थान की जनसंख्या एवं जनगणना","CONFIDENT","Content verified: Primary examinable facts in questions align with Master Topic 5 (राजस्थान की जनसंख्या एवं जनगणना)."
"Q-158","3132","राजस्थान की जनसंख्या एवं जनगणना",5,"राजस्थान की जनसंख्या एवं जनगणना","CONFIDENT","Content verified: Primary examinable facts in questions align with Master Topic 5 (राजस्थान की जनसंख्या एवं जनगणना)."
"Q-159","3157","राजस्थान की जनसंख्या एवं जनगणना",5,"राजस्थान की जनसंख्या एवं जनगणना","CONFIDENT","Content verified: Primary examinable facts in questions align with Master Topic 5 (राजस्थान की जनसंख्या एवं जनगणना)."
"Q-160","3190","राजस्थान की जनसंख्या एवं जनगणना",5,"राजस्थान की जनसंख्या एवं जनगणना","CONFIDENT","Content verified: Primary examinable facts in questions align with Master Topic 5 (राजस्थान की जनसंख्या एवं जनगणना)."
"Q-161","3214","राजस्थान की जनसंख्या एवं जनगणना",5,"राजस्थान की जनसंख्या एवं जनगणना","CONFIDENT","Content verified: Primary examinable facts in questions align with Master Topic 5 (राजस्थान की जनसंख्या एवं जनगणना)."
"Q-162","3238","राजस्थान की जनसंख्या एवं जनगणना",5,"राजस्थान की जनसंख्या एवं जनगणना","CONFIDENT","Content verified: Primary examinable facts in questions align with Master Topic 5 (राजस्थान की जनसंख्या एवं जनगणना)."
"Q-163","3259","राजस्थान की जनसंख्या एवं जनगणना",5,"राजस्थान की जनसंख्या एवं जनगणना","CONFIDENT","Content verified: Primary examinable facts in questions align with Master Topic 5 (राजस्थान की जनसंख्या एवं जनगणना)."
"Q-164","3287","राजस्थान की जनसंख्या एवं जनगणना",5,"राजस्थान की जनसंख्या एवं जनगणना","CONFIDENT","Content verified: Primary examinable facts in questions align with Master Topic 5 (राजस्थान की जनसंख्या एवं जनगणना)."
"Q-165","3308","राजस्थान की जनसंख्या एवं जनगणना",5,"राजस्थान की जनसंख्या एवं जनगणना","CONFIDENT","Content verified: Primary examinable facts in questions align with Master Topic 5 (राजस्थान की जनसंख्या एवं जनगणना)."
"Q-166","18833","राजस्थान की जनसंख्या एवं जनगणना",5,"राजस्थान की जनसंख्या एवं जनगणना","CONFIDENT","Content verified: Primary examinable facts in questions align with Master Topic 5 (राजस्थान की जनसंख्या एवं जनगणना)."
"Q-167","3405","राजस्थान की जनसंख्या एवं जनगणना",5,"राजस्थान की जनसंख्या एवं जनगणना","CONFIDENT","Content verified: Primary examinable facts in questions align with Master Topic 5 (राजस्थान की जनसंख्या एवं जनगणना)."
"Q-168","4543","राजस्थान की जलवायु",3,"राजस्थान की जलवायु","CONFIDENT","Content verified: Primary examinable facts in questions align with Master Topic 3 (राजस्थान की जलवायु)."
"Q-169","4563","राजस्थान की जलवायु",3,"राजस्थान की जलवायु","CONFIDENT","Content verified: Primary examinable facts in questions align with Master Topic 3 (राजस्थान की जलवायु)."
"Q-170","4584","राजस्थान की जलवायु",3,"राजस्थान की जलवायु","CONFIDENT","Content verified: Primary examinable facts in questions align with Master Topic 3 (राजस्थान की जलवायु)."
"Q-171","4608","राजस्थान की जलवायु",3,"राजस्थान की जलवायु","CONFIDENT","Content verified: Primary examinable facts in questions align with Master Topic 3 (राजस्थान की जलवायु)."
"Q-172","4634","राजस्थान की जलवायु",3,"राजस्थान की जलवायु","CONFIDENT","Content verified: Primary examinable facts in questions align with Master Topic 3 (राजस्थान की जलवायु)."
"Q-173","4656","राजस्थान की जलवायु",3,"राजस्थान की जलवायु","CONFIDENT","Content verified: Primary examinable facts in questions align with Master Topic 3 (राजस्थान की जलवायु)."
"Q-174","4679","राजस्थान की जलवायु",3,"राजस्थान की जलवायु","CONFIDENT","Content verified: Primary examinable facts in questions align with Master Topic 3 (राजस्थान की जलवायु)."
"Q-175","4701","राजस्थान की जलवायु",3,"राजस्थान की जलवायु","CONFIDENT","Content verified: Primary examinable facts in questions align with Master Topic 3 (राजस्थान की जलवायु)."
"Q-176","18989","राजस्थान की जलवायु",3,"राजस्थान की जलवायु","CONFIDENT","Content verified: Primary examinable facts in questions align with Master Topic 3 (राजस्थान की जलवायु)."
"Q-177","3408","राजस्थान की झीलें",8,"राजस्थान की झीलें","CONFIDENT","Content verified: Primary examinable facts in questions align with Master Topic 8 (राजस्थान की झीलें)."
"Q-178","3486","राजस्थान की झीलें",8,"राजस्थान की झीलें","CONFIDENT","Content verified: Primary examinable facts in questions align with Master Topic 8 (राजस्थान की झीलें)."
"Q-179","3562","राजस्थान की झीलें",8,"राजस्थान की झीलें","CONFIDENT","Content verified: Primary examinable facts in questions align with Master Topic 8 (राजस्थान की झीलें)."
"Q-180","3625","राजस्थान की झीलें",8,"राजस्थान की झीलें","CONFIDENT","Content verified: Primary examinable facts in questions align with Master Topic 8 (राजस्थान की झीलें)."
"Q-181","3705","राजस्थान की झीलें",8,"राजस्थान की झीलें","CONFIDENT","Content verified: Primary examinable facts in questions align with Master Topic 8 (राजस्थान की झीलें)."
"Q-182","3823","राजस्थान की झीलें",8,"राजस्थान की झीलें","CONFIDENT","Content verified: Primary examinable facts in questions align with Master Topic 8 (राजस्थान की झीलें)."
"Q-183","3851","राजस्थान की झीलें",8,"राजस्थान की झीलें","CONFIDENT","Content verified: Primary examinable facts in questions align with Master Topic 8 (राजस्थान की झीलें)."
"Q-184","3923","राजस्थान की झीलें",8,"राजस्थान की झीलें","CONFIDENT","Content verified: Primary examinable facts in questions align with Master Topic 8 (राजस्थान की झीलें)."
"Q-185","18901","राजस्थान की झीलें",8,"राजस्थान की झीलें","CONFIDENT","Content verified: Primary examinable facts in questions align with Master Topic 8 (राजस्थान की झीलें)."
"Q-186","4046","राजस्थान की झीलें",8,"राजस्थान की झीलें","CONFIDENT","Content verified: Primary examinable facts in questions align with Master Topic 8 (राजस्थान की झीलें)."
"Q-187","3410","राजस्थान की नदियाँ एवं जल संसाधन",7,"राजस्थान की नदियाँ एवं जल संसाधन","CONFIDENT","Content verified: Primary examinable facts in questions align with Master Topic 7 (राजस्थान की नदियाँ एवं जल संसाधन)."
"Q-188","3455","राजस्थान की नदियाँ एवं जल संसाधन",7,"राजस्थान की नदियाँ एवं जल संसाधन","CONFIDENT","Content verified: Primary examinable facts in questions align with Master Topic 7 (राजस्थान की नदियाँ एवं जल संसाधन)."
"Q-189","3506","राजस्थान की नदियाँ एवं जल संसाधन",7,"राजस्थान की नदियाँ एवं जल संसाधन","CONFIDENT","Content verified: Primary examinable facts in questions align with Master Topic 7 (राजस्थान की नदियाँ एवं जल संसाधन)."
"Q-190","3528","राजस्थान की नदियाँ एवं जल संसाधन",7,"राजस्थान की नदियाँ एवं जल संसाधन","CONFIDENT","Content verified: Primary examinable facts in questions align with Master Topic 7 (राजस्थान की नदियाँ एवं जल संसाधन)."
"Q-191","3554","राजस्थान की नदियाँ एवं जल संसाधन",7,"राजस्थान की नदियाँ एवं जल संसाधन","CONFIDENT","Content verified: Primary examinable facts in questions align with Master Topic 7 (राजस्थान की नदियाँ एवं जल संसाधन)."
"Q-192","3651","राजस्थान की नदियाँ एवं जल संसाधन",7,"राजस्थान की नदियाँ एवं जल संसाधन","CONFIDENT","Content verified: Primary examinable facts in questions align with Master Topic 7 (राजस्थान की नदियाँ एवं जल संसाधन)."
"Q-193","3672","राजस्थान की नदियाँ एवं जल संसाधन",7,"राजस्थान की नदियाँ एवं जल संसाधन","CONFIDENT","Content verified: Primary examinable facts in questions align with Master Topic 7 (राजस्थान की नदियाँ एवं जल संसाधन)."
"Q-194","3734","राजस्थान की नदियाँ एवं जल संसाधन",7,"राजस्थान की नदियाँ एवं जल संसाधन","CONFIDENT","Content verified: Primary examinable facts in questions align with Master Topic 7 (राजस्थान की नदियाँ एवं जल संसाधन)."
"Q-195","3759","राजस्थान की नदियाँ एवं जल संसाधन",7,"राजस्थान की नदियाँ एवं जल संसाधन","CONFIDENT","Content verified: Primary examinable facts in questions align with Master Topic 7 (राजस्थान की नदियाँ एवं जल संसाधन)."
"Q-196","3783","राजस्थान की नदियाँ एवं जल संसाधन",7,"राजस्थान की नदियाँ एवं जल संसाधन","CONFIDENT","Content verified: Primary examinable facts in questions align with Master Topic 7 (राजस्थान की नदियाँ एवं जल संसाधन)."
"Q-197","18865","राजस्थान की नदियाँ एवं जल संसाधन",7,"राजस्थान की नदियाँ एवं जल संसाधन","CONFIDENT","Content verified: Primary examinable facts in questions align with Master Topic 7 (राजस्थान की नदियाँ एवं जल संसाधन)."
"Q-198","18881","राजस्थान की नदियाँ एवं जल संसाधन",7,"राजस्थान की नदियाँ एवं जल संसाधन","CONFIDENT","Content verified: Primary examinable facts in questions align with Master Topic 7 (राजस्थान की नदियाँ एवं जल संसाधन)."
"Q-199","3910","राजस्थान की नदियाँ एवं जल संसाधन",7,"राजस्थान की नदियाँ एवं जल संसाधन","CONFIDENT","Content verified: Primary examinable facts in questions align with Master Topic 7 (राजस्थान की नदियाँ एवं जल संसाधन)."
"Q-200","3950","राजस्थान की नदियाँ एवं जल संसाधन",7,"राजस्थान की नदियाँ एवं जल संसाधन","CONFIDENT","Content verified: Primary examinable facts in questions align with Master Topic 7 (राजस्थान की नदियाँ एवं जल संसाधन)."
"Q-201","18905","राजस्थान की नदियाँ एवं जल संसाधन",7,"राजस्थान की नदियाँ एवं जल संसाधन","CONFIDENT","Content verified: Primary examinable facts in questions align with Master Topic 7 (राजस्थान की नदियाँ एवं जल संसाधन)."
"Q-202","4007","राजस्थान की नदियाँ एवं जल संसाधन",7,"राजस्थान की नदियाँ एवं जल संसाधन","CONFIDENT","Content verified: Primary examinable facts in questions align with Master Topic 7 (राजस्थान की नदियाँ एवं जल संसाधन)."
"Q-203","18930","राजस्थान की नदियाँ एवं जल संसाधन",7,"राजस्थान की नदियाँ एवं जल संसाधन","CONFIDENT","Content verified: Primary examinable facts in questions align with Master Topic 7 (राजस्थान की नदियाँ एवं जल संसाधन)."
"Q-204","4038","राजस्थान की नदियाँ एवं जल संसाधन",7,"राजस्थान की नदियाँ एवं जल संसाधन","CONFIDENT","Content verified: Primary examinable facts in questions align with Master Topic 7 (राजस्थान की नदियाँ एवं जल संसाधन)."
"Q-205","18969","राजस्थान की नदियाँ एवं जल संसाधन",7,"राजस्थान की नदियाँ एवं जल संसाधन","CONFIDENT","Content verified: Primary examinable facts in questions align with Master Topic 7 (राजस्थान की नदियाँ एवं जल संसाधन)."
"Q-206","4184","राजस्थान की नदियाँ एवं जल संसाधन",7,"राजस्थान की नदियाँ एवं जल संसाधन","CONFIDENT","Content verified: Primary examinable facts in questions align with Master Topic 7 (राजस्थान की नदियाँ एवं जल संसाधन)."
"Q-207","8643","राजस्थान की प्राचीन सभ्यताएँ एवं पुरातात्विक स्थल",37,"राजस्थान की प्राचीन सभ्यताएँ एवं पुरातात्विक स्थल","CONFIDENT","Content verified: Primary examinable facts in questions align with Master Topic 37 (राजस्थान की प्राचीन सभ्यताएँ एवं पुरातात्विक स्थल)."
"Q-208","8663","राजस्थान की प्राचीन सभ्यताएँ एवं पुरातात्विक स्थल",37,"राजस्थान की प्राचीन सभ्यताएँ एवं पुरातात्विक स्थल","CONFIDENT","Content verified: Primary examinable facts in questions align with Master Topic 37 (राजस्थान की प्राचीन सभ्यताएँ एवं पुरातात्विक स्थल)."
"Q-209","8682","राजस्थान की प्राचीन सभ्यताएँ एवं पुरातात्विक स्थल",37,"राजस्थान की प्राचीन सभ्यताएँ एवं पुरातात्विक स्थल","CONFIDENT","Content verified: Primary examinable facts in questions align with Master Topic 37 (राजस्थान की प्राचीन सभ्यताएँ एवं पुरातात्विक स्थल)."
"Q-210","8702","राजस्थान की प्राचीन सभ्यताएँ एवं पुरातात्विक स्थल",37,"राजस्थान की प्राचीन सभ्यताएँ एवं पुरातात्विक स्थल","CONFIDENT","Content verified: Primary examinable facts in questions align with Master Topic 37 (राजस्थान की प्राचीन सभ्यताएँ एवं पुरातात्विक स्थल)."
"Q-211","9286","राजस्थान की प्राचीन सभ्यताएँ एवं पुरातात्विक स्थल",37,"राजस्थान की प्राचीन सभ्यताएँ एवं पुरातात्विक स्थल","CONFIDENT","Content verified: Primary examinable facts in questions align with Master Topic 37 (राजस्थान की प्राचीन सभ्यताएँ एवं पुरातात्विक स्थल)."
"Q-212","8738","राजस्थान की प्राचीन सभ्यताएँ एवं पुरातात्विक स्थल",37,"राजस्थान की प्राचीन सभ्यताएँ एवं पुरातात्विक स्थल","CONFIDENT","Content verified: Primary examinable facts in questions align with Master Topic 37 (राजस्थान की प्राचीन सभ्यताएँ एवं पुरातात्विक स्थल)."
"Q-213","8762","राजस्थान की प्राचीन सभ्यताएँ एवं पुरातात्विक स्थल",37,"राजस्थान की प्राचीन सभ्यताएँ एवं पुरातात्विक स्थल","CONFIDENT","Content verified: Primary examinable facts in questions align with Master Topic 37 (राजस्थान की प्राचीन सभ्यताएँ एवं पुरातात्विक स्थल)."
"Q-214","8783","राजस्थान की प्राचीन सभ्यताएँ एवं पुरातात्विक स्थल",37,"राजस्थान की प्राचीन सभ्यताएँ एवं पुरातात्विक स्थल","CONFIDENT","Content verified: Primary examinable facts in questions align with Master Topic 37 (राजस्थान की प्राचीन सभ्यताएँ एवं पुरातात्विक स्थल)."
"Q-215","8803","राजस्थान की प्राचीन सभ्यताएँ एवं पुरातात्विक स्थल",37,"राजस्थान की प्राचीन सभ्यताएँ एवं पुरातात्विक स्थल","CONFIDENT","Content verified: Primary examinable facts in questions align with Master Topic 37 (राजस्थान की प्राचीन सभ्यताएँ एवं पुरातात्विक स्थल)."
"Q-216","9311","राजस्थान की प्राचीन सभ्यताएँ एवं पुरातात्विक स्थल",37,"राजस्थान की प्राचीन सभ्यताएँ एवं पुरातात्विक स्थल","CONFIDENT","Content verified: Primary examinable facts in questions align with Master Topic 37 (राजस्थान की प्राचीन सभ्यताएँ एवं पुरातात्विक स्थल)."
"Q-217","9325","राजस्थान की प्राचीन सभ्यताएँ एवं पुरातात्विक स्थल",37,"राजस्थान की प्राचीन सभ्यताएँ एवं पुरातात्विक स्थल","CONFIDENT","Content verified: Primary examinable facts in questions align with Master Topic 37 (राजस्थान की प्राचीन सभ्यताएँ एवं पुरातात्विक स्थल)."
"Q-218","9334","राजस्थान की प्राचीन सभ्यताएँ एवं पुरातात्विक स्थल",37,"राजस्थान की प्राचीन सभ्यताएँ एवं पुरातात्विक स्थल","CONFIDENT","Content verified: Primary examinable facts in questions align with Master Topic 37 (राजस्थान की प्राचीन सभ्यताएँ एवं पुरातात्विक स्थल)."
"Q-219","8852","राजस्थान की प्राचीन सभ्यताएँ एवं पुरातात्विक स्थल",37,"राजस्थान की प्राचीन सभ्यताएँ एवं पुरातात्विक स्थल","CONFIDENT","Content verified: Primary examinable facts in questions align with Master Topic 37 (राजस्थान की प्राचीन सभ्यताएँ एवं पुरातात्विक स्थल)."
"Q-220","1423","राजस्थान की प्राचीन सभ्यताएँ एवं पुरातात्विक स्थल",37,"राजस्थान की प्राचीन सभ्यताएँ एवं पुरातात्विक स्थल","CONFIDENT","Content verified: Primary examinable facts in questions align with Master Topic 37 (राजस्थान की प्राचीन सभ्यताएँ एवं पुरातात्विक स्थल)."
"Q-221","11339","राजस्थान की मंत्रिपरिषद एवं मंत्रिमंडल",61,"राजस्थान की मंत्रिपरिषद एवं मंत्रिमंडल","CONFIDENT","Content verified: Primary examinable facts in questions align with Master Topic 61 (राजस्थान की मंत्रिपरिषद एवं मंत्रिमंडल)."
"Q-222","10987","राजस्थान की महिला व्यक्तित्व",56,"राजस्थान की महिला व्यक्तित्व","CONFIDENT","Content verified: Primary examinable facts in questions align with Master Topic 56 (राजस्थान की महिला व्यक्तित्व)."
"Q-223","11145","राजस्थान की महिला व्यक्तित्व",56,"राजस्थान की महिला व्यक्तित्व","CONFIDENT","Content verified: Primary examinable facts in questions align with Master Topic 56 (राजस्थान की महिला व्यक्तित्व)."
"Q-224","9001","राजस्थान की मृदा",6,"राजस्थान की मृदा","CONFIDENT","Content verified: Primary examinable facts in questions align with Master Topic 6 (राजस्थान की मृदा)."
"Q-225","9021","राजस्थान की मृदा",6,"राजस्थान की मृदा","CONFIDENT","Content verified: Primary examinable facts in questions align with Master Topic 6 (राजस्थान की मृदा)."
"Q-226","9041","राजस्थान की मृदा",6,"राजस्थान की मृदा","CONFIDENT","Content verified: Primary examinable facts in questions align with Master Topic 6 (राजस्थान की मृदा)."
"Q-227","9062","राजस्थान की मृदा",6,"राजस्थान की मृदा","CONFIDENT","Content verified: Primary examinable facts in questions align with Master Topic 6 (राजस्थान की मृदा)."
"Q-228","9082","राजस्थान की मृदा",6,"राजस्थान की मृदा","CONFIDENT","Content verified: Primary examinable facts in questions align with Master Topic 6 (राजस्थान की मृदा)."
"Q-229","9103","राजस्थान की मृदा",6,"राजस्थान की मृदा","CONFIDENT","Content verified: Primary examinable facts in questions align with Master Topic 6 (राजस्थान की मृदा)."
"Q-230","9124","राजस्थान की मृदा",6,"राजस्थान की मृदा","CONFIDENT","Content verified: Primary examinable facts in questions align with Master Topic 6 (राजस्थान की मृदा)."
"Q-231","9144","राजस्थान की मृदा",6,"राजस्थान की मृदा","CONFIDENT","Content verified: Primary examinable facts in questions align with Master Topic 6 (राजस्थान की मृदा)."
"Q-232","15210","राजस्थान की रियासतें एवं ब्रिटिश संधियाँ",47,"राजस्थान की रियासतें एवं ब्रिटिश संधियाँ","CONFIDENT","Content verified: Primary examinable facts in questions align with Master Topic 47 (राजस्थान की रियासतें एवं ब्रिटिश संधियाँ)."
"Q-233","15231","राजस्थान की रियासतें एवं ब्रिटिश संधियाँ",47,"राजस्थान की रियासतें एवं ब्रिटिश संधियाँ","CONFIDENT","Content verified: Primary examinable facts in questions align with Master Topic 47 (राजस्थान की रियासतें एवं ब्रिटिश संधियाँ)."
"Q-234","11869","राजस्थान की रीति-रिवाज एवं परंपराएँ",23,"राजस्थान की रीति-रिवाज एवं परंपराएँ","CONFIDENT","Content verified: Primary examinable facts in questions align with Master Topic 23 (राजस्थान की रीति-रिवाज एवं परंपराएँ)."
"Q-235","11889","राजस्थान की रीति-रिवाज एवं परंपराएँ",23,"राजस्थान की रीति-रिवाज एवं परंपराएँ","CONFIDENT","Content verified: Primary examinable facts in questions align with Master Topic 23 (राजस्थान की रीति-रिवाज एवं परंपराएँ)."
"Q-236","11918","राजस्थान की रीति-रिवाज एवं परंपराएँ",23,"राजस्थान की रीति-रिवाज एवं परंपराएँ","CONFIDENT","Content verified: Primary examinable facts in questions align with Master Topic 23 (राजस्थान की रीति-रिवाज एवं परंपराएँ)."
"Q-237","17953","राजस्थान की वेशभूषा एवं आभूषण",24,"राजस्थान की वेशभूषा एवं आभूषण","CONFIDENT","Content verified: Primary examinable facts in questions align with Master Topic 24 (राजस्थान की वेशभूषा एवं आभूषण)."
"Q-238","18010","राजस्थान की वेशभूषा एवं आभूषण",24,"राजस्थान की वेशभूषा एवं आभूषण","CONFIDENT","Content verified: Primary examinable facts in questions align with Master Topic 24 (राजस्थान की वेशभूषा एवं आभूषण)."
"Q-239","18078","राजस्थान की वेशभूषा एवं आभूषण",24,"राजस्थान की वेशभूषा एवं आभूषण","CONFIDENT","Content verified: Primary examinable facts in questions align with Master Topic 24 (राजस्थान की वेशभूषा एवं आभूषण)."
"Q-240","18133","राजस्थान की वेशभूषा एवं आभूषण",24,"राजस्थान की वेशभूषा एवं आभूषण","CONFIDENT","Content verified: Primary examinable facts in questions align with Master Topic 24 (राजस्थान की वेशभूषा एवं आभूषण)."
"Q-241","18204","राजस्थान की वेशभूषा एवं आभूषण",24,"राजस्थान की वेशभूषा एवं आभूषण","CONFIDENT","Content verified: Primary examinable facts in questions align with Master Topic 24 (राजस्थान की वेशभूषा एवं आभूषण)."
"Q-242","3418","राजस्थान की सिंचाई एवं सिंचाई परियोजनाएँ",9,"राजस्थान की सिंचाई एवं सिंचाई परियोजनाएँ","CONFIDENT","Content verified: Primary examinable facts in questions align with Master Topic 9 (राजस्थान की सिंचाई एवं सिंचाई परियोजनाएँ)."
"Q-243","3530","राजस्थान की सिंचाई एवं सिंचाई परियोजनाएँ",9,"राजस्थान की सिंचाई एवं सिंचाई परियोजनाएँ","CONFIDENT","Content verified: Primary examinable facts in questions align with Master Topic 9 (राजस्थान की सिंचाई एवं सिंचाई परियोजनाएँ)."
"Q-244","3584","राजस्थान की सिंचाई एवं सिंचाई परियोजनाएँ",9,"राजस्थान की सिंचाई एवं सिंचाई परियोजनाएँ","CONFIDENT","Content verified: Primary examinable facts in questions align with Master Topic 9 (राजस्थान की सिंचाई एवं सिंचाई परियोजनाएँ)."
"Q-245","3611","राजस्थान की सिंचाई एवं सिंचाई परियोजनाएँ",9,"राजस्थान की सिंचाई एवं सिंचाई परियोजनाएँ","CONFIDENT","Content verified: Primary examinable facts in questions align with Master Topic 9 (राजस्थान की सिंचाई एवं सिंचाई परियोजनाएँ)."
"Q-246","3698","राजस्थान की सिंचाई एवं सिंचाई परियोजनाएँ",9,"राजस्थान की सिंचाई एवं सिंचाई परियोजनाएँ","CONFIDENT","Content verified: Primary examinable facts in questions align with Master Topic 9 (राजस्थान की सिंचाई एवं सिंचाई परियोजनाएँ)."
"Q-247","3804","राजस्थान की सिंचाई एवं सिंचाई परियोजनाएँ",9,"राजस्थान की सिंचाई एवं सिंचाई परियोजनाएँ","CONFIDENT","Content verified: Primary examinable facts in questions align with Master Topic 9 (राजस्थान की सिंचाई एवं सिंचाई परियोजनाएँ)."
"Q-248","3866","राजस्थान की सिंचाई एवं सिंचाई परियोजनाएँ",9,"राजस्थान की सिंचाई एवं सिंचाई परियोजनाएँ","CONFIDENT","Content verified: Primary examinable facts in questions align with Master Topic 9 (राजस्थान की सिंचाई एवं सिंचाई परियोजनाएँ)."
"Q-249","3945","राजस्थान की सिंचाई एवं सिंचाई परियोजनाएँ",9,"राजस्थान की सिंचाई एवं सिंचाई परियोजनाएँ","CONFIDENT","Content verified: Primary examinable facts in questions align with Master Topic 9 (राजस्थान की सिंचाई एवं सिंचाई परियोजनाएँ)."
"Q-250","4036","राजस्थान की सिंचाई एवं सिंचाई परियोजनाएँ",9,"राजस्थान की सिंचाई एवं सिंचाई परियोजनाएँ","CONFIDENT","Content verified: Primary examinable facts in questions align with Master Topic 9 (राजस्थान की सिंचाई एवं सिंचाई परियोजनाएँ)."
"Q-251","4369","राजस्थान की सिंचाई एवं सिंचाई परियोजनाएँ",9,"राजस्थान की सिंचाई एवं सिंचाई परियोजनाएँ","CONFIDENT","Content verified: Primary examinable facts in questions align with Master Topic 9 (राजस्थान की सिंचाई एवं सिंचाई परियोजनाएँ)."
"Q-252","17118","राजस्थान की स्थापत्य कला एवं वास्तुकला",25,"राजस्थान की स्थापत्य कला एवं वास्तुकला","CONFIDENT","Content verified: Primary examinable facts in questions align with Master Topic 25 (राजस्थान की स्थापत्य कला एवं वास्तुकला)."
"Q-253","17138","राजस्थान की स्थापत्य कला एवं वास्तुकला",25,"राजस्थान की स्थापत्य कला एवं वास्तुकला","CONFIDENT","Content verified: Primary examinable facts in questions align with Master Topic 25 (राजस्थान की स्थापत्य कला एवं वास्तुकला)."
"Q-254","17158","राजस्थान की स्थापत्य कला एवं वास्तुकला",25,"राजस्थान की स्थापत्य कला एवं वास्तुकला","CONFIDENT","Content verified: Primary examinable facts in questions align with Master Topic 25 (राजस्थान की स्थापत्य कला एवं वास्तुकला)."
"Q-255","17168","राजस्थान की स्थापत्य कला एवं वास्तुकला",25,"राजस्थान की स्थापत्य कला एवं वास्तुकला","CONFIDENT","Content verified: Primary examinable facts in questions align with Master Topic 25 (राजस्थान की स्थापत्य कला एवं वास्तुकला)."
"Q-256","17198","राजस्थान की स्थापत्य कला एवं वास्तुकला",25,"राजस्थान की स्थापत्य कला एवं वास्तुकला","CONFIDENT","Content verified: Primary examinable facts in questions align with Master Topic 25 (राजस्थान की स्थापत्य कला एवं वास्तुकला)."
"Q-257","17218","राजस्थान की स्थापत्य कला एवं वास्तुकला",25,"राजस्थान की स्थापत्य कला एवं वास्तुकला","CONFIDENT","Content verified: Primary examinable facts in questions align with Master Topic 25 (राजस्थान की स्थापत्य कला एवं वास्तुकला)."
"Q-258","17238","राजस्थान की स्थापत्य कला एवं वास्तुकला",25,"राजस्थान की स्थापत्य कला एवं वास्तुकला","CONFIDENT","Content verified: Primary examinable facts in questions align with Master Topic 25 (राजस्थान की स्थापत्य कला एवं वास्तुकला)."
"Q-259","17258","राजस्थान की स्थापत्य कला एवं वास्तुकला",25,"राजस्थान की स्थापत्य कला एवं वास्तुकला","CONFIDENT","Content verified: Primary examinable facts in questions align with Master Topic 25 (राजस्थान की स्थापत्य कला एवं वास्तुकला)."
"Q-260","17278","राजस्थान की स्थापत्य कला एवं वास्तुकला",25,"राजस्थान की स्थापत्य कला एवं वास्तुकला","CONFIDENT","Content verified: Primary examinable facts in questions align with Master Topic 25 (राजस्थान की स्थापत्य कला एवं वास्तुकला)."
"Q-261","17302","राजस्थान की स्थापत्य कला एवं वास्तुकला",25,"राजस्थान की स्थापत्य कला एवं वास्तुकला","CONFIDENT","Content verified: Primary examinable facts in questions align with Master Topic 25 (राजस्थान की स्थापत्य कला एवं वास्तुकला)."
"Q-262","17333","राजस्थान की स्थापत्य कला एवं वास्तुकला",25,"राजस्थान की स्थापत्य कला एवं वास्तुकला","CONFIDENT","Content verified: Primary examinable facts in questions align with Master Topic 25 (राजस्थान की स्थापत्य कला एवं वास्तुकला)."
"Q-263","17352","राजस्थान की स्थापत्य कला एवं वास्तुकला",25,"राजस्थान की स्थापत्य कला एवं वास्तुकला","CONFIDENT","Content verified: Primary examinable facts in questions align with Master Topic 25 (राजस्थान की स्थापत्य कला एवं वास्तुकला)."
"Q-264","17392","राजस्थान की स्थापत्य कला एवं वास्तुकला",25,"राजस्थान की स्थापत्य कला एवं वास्तुकला","CONFIDENT","Content verified: Primary examinable facts in questions align with Master Topic 25 (राजस्थान की स्थापत्य कला एवं वास्तुकला)."
"Q-265","17415","राजस्थान की स्थापत्य कला एवं वास्तुकला",25,"राजस्थान की स्थापत्य कला एवं वास्तुकला","CONFIDENT","Content verified: Primary examinable facts in questions align with Master Topic 25 (राजस्थान की स्थापत्य कला एवं वास्तुकला)."
"Q-266","17435","राजस्थान की स्थापत्य कला एवं वास्तुकला",25,"राजस्थान की स्थापत्य कला एवं वास्तुकला","CONFIDENT","Content verified: Primary examinable facts in questions align with Master Topic 25 (राजस्थान की स्थापत्य कला एवं वास्तुकला)."
"Q-267","17459","राजस्थान की स्थापत्य कला एवं वास्तुकला",25,"राजस्थान की स्थापत्य कला एवं वास्तुकला","CONFIDENT","Content verified: Primary examinable facts in questions align with Master Topic 25 (राजस्थान की स्थापत्य कला एवं वास्तुकला)."
"Q-268","17481","राजस्थान की स्थापत्य कला एवं वास्तुकला",25,"राजस्थान की स्थापत्य कला एवं वास्तुकला","CONFIDENT","Content verified: Primary examinable facts in questions align with Master Topic 25 (राजस्थान की स्थापत्य कला एवं वास्तुकला)."
"Q-269","17504","राजस्थान की स्थापत्य कला एवं वास्तुकला",25,"राजस्थान की स्थापत्य कला एवं वास्तुकला","CONFIDENT","Content verified: Primary examinable facts in questions align with Master Topic 25 (राजस्थान की स्थापत्य कला एवं वास्तुकला)."
"Q-270","17524","राजस्थान की स्थापत्य कला एवं वास्तुकला",25,"राजस्थान की स्थापत्य कला एवं वास्तुकला","CONFIDENT","Content verified: Primary examinable facts in questions align with Master Topic 25 (राजस्थान की स्थापत्य कला एवं वास्तुकला)."
"Q-271","17544","राजस्थान की स्थापत्य कला एवं वास्तुकला",25,"राजस्थान की स्थापत्य कला एवं वास्तुकला","CONFIDENT","Content verified: Primary examinable facts in questions align with Master Topic 25 (राजस्थान की स्थापत्य कला एवं वास्तुकला)."
"Q-272","17564","राजस्थान की स्थापत्य कला एवं वास्तुकला",25,"राजस्थान की स्थापत्य कला एवं वास्तुकला","CONFIDENT","Content verified: Primary examinable facts in questions align with Master Topic 25 (राजस्थान की स्थापत्य कला एवं वास्तुकला)."
"Q-273","17577","राजस्थान की स्थापत्य कला एवं वास्तुकला",25,"राजस्थान की स्थापत्य कला एवं वास्तुकला","CONFIDENT","Content verified: Primary examinable facts in questions align with Master Topic 25 (राजस्थान की स्थापत्य कला एवं वास्तुकला)."
"Q-274","17597","राजस्थान की स्थापत्य कला एवं वास्तुकला",25,"राजस्थान की स्थापत्य कला एवं वास्तुकला","CONFIDENT","Content verified: Primary examinable facts in questions align with Master Topic 25 (राजस्थान की स्थापत्य कला एवं वास्तुकला)."
"Q-275","17616","राजस्थान की स्थापत्य कला एवं वास्तुकला",25,"राजस्थान की स्थापत्य कला एवं वास्तुकला","CONFIDENT","Content verified: Primary examinable facts in questions align with Master Topic 25 (राजस्थान की स्थापत्य कला एवं वास्तुकला)."
"Q-276","17635","राजस्थान की स्थापत्य कला एवं वास्तुकला",25,"राजस्थान की स्थापत्य कला एवं वास्तुकला","CONFIDENT","Content verified: Primary examinable facts in questions align with Master Topic 25 (राजस्थान की स्थापत्य कला एवं वास्तुकला)."
"Q-277","17654","राजस्थान की स्थापत्य कला एवं वास्तुकला",25,"राजस्थान की स्थापत्य कला एवं वास्तुकला","CONFIDENT","Content verified: Primary examinable facts in questions align with Master Topic 25 (राजस्थान की स्थापत्य कला एवं वास्तुकला)."
"Q-278","20812","राजस्थान की स्थापत्य कला एवं वास्तुकला",25,"राजस्थान की स्थापत्य कला एवं वास्तुकला","CONFIDENT","Content verified: Primary examinable facts in questions align with Master Topic 25 (राजस्थान की स्थापत्य कला एवं वास्तुकला)."
"Q-279","17689","राजस्थान की स्थापत्य कला एवं वास्तुकला",25,"राजस्थान की स्थापत्य कला एवं वास्तुकला","CONFIDENT","Content verified: Primary examinable facts in questions align with Master Topic 25 (राजस्थान की स्थापत्य कला एवं वास्तुकला)."
"Q-280","17709","राजस्थान की स्थापत्य कला एवं वास्तुकला",25,"राजस्थान की स्थापत्य कला एवं वास्तुकला","CONFIDENT","Content verified: Primary examinable facts in questions align with Master Topic 25 (राजस्थान की स्थापत्य कला एवं वास्तुकला)."
"Q-281","17726","राजस्थान की स्थापत्य कला एवं वास्तुकला",25,"राजस्थान की स्थापत्य कला एवं वास्तुकला","CONFIDENT","Content verified: Primary examinable facts in questions align with Master Topic 25 (राजस्थान की स्थापत्य कला एवं वास्तुकला)."
"Q-282","17745","राजस्थान की स्थापत्य कला एवं वास्तुकला",25,"राजस्थान की स्थापत्य कला एवं वास्तुकला","CONFIDENT","Content verified: Primary examinable facts in questions align with Master Topic 25 (राजस्थान की स्थापत्य कला एवं वास्तुकला)."
"Q-283","17812","राजस्थान की स्थापत्य कला एवं वास्तुकला",25,"राजस्थान की स्थापत्य कला एवं वास्तुकला","CONFIDENT","Content verified: Primary examinable facts in questions align with Master Topic 25 (राजस्थान की स्थापत्य कला एवं वास्तुकला)."
"Q-284","16533","राजस्थान के अभयारण्य एवं राष्ट्रीय उद्यान",11,"राजस्थान के अभयारण्य एवं राष्ट्रीय उद्यान","CONFIDENT","Content verified: Primary examinable facts in questions align with Master Topic 11 (राजस्थान के अभयारण्य एवं राष्ट्रीय उद्यान)."
"Q-285","16569","राजस्थान के अभयारण्य एवं राष्ट्रीय उद्यान",11,"राजस्थान के अभयारण्य एवं राष्ट्रीय उद्यान","CONFIDENT","Content verified: Primary examinable facts in questions align with Master Topic 11 (राजस्थान के अभयारण्य एवं राष्ट्रीय उद्यान)."
"Q-286","16613","राजस्थान के अभयारण्य एवं राष्ट्रीय उद्यान",11,"राजस्थान के अभयारण्य एवं राष्ट्रीय उद्यान","CONFIDENT","Content verified: Primary examinable facts in questions align with Master Topic 11 (राजस्थान के अभयारण्य एवं राष्ट्रीय उद्यान)."
"Q-287","16644","राजस्थान के अभयारण्य एवं राष्ट्रीय उद्यान",11,"राजस्थान के अभयारण्य एवं राष्ट्रीय उद्यान","CONFIDENT","Content verified: Primary examinable facts in questions align with Master Topic 11 (राजस्थान के अभयारण्य एवं राष्ट्रीय उद्यान)."
"Q-288","16725","राजस्थान के अभयारण्य एवं राष्ट्रीय उद्यान",11,"राजस्थान के अभयारण्य एवं राष्ट्रीय उद्यान","CONFIDENT","Content verified: Primary examinable facts in questions align with Master Topic 11 (राजस्थान के अभयारण्य एवं राष्ट्रीय उद्यान)."
"Q-289","16761","राजस्थान के अभयारण्य एवं राष्ट्रीय उद्यान",11,"राजस्थान के अभयारण्य एवं राष्ट्रीय उद्यान","CONFIDENT","Content verified: Primary examinable facts in questions align with Master Topic 11 (राजस्थान के अभयारण्य एवं राष्ट्रीय उद्यान)."
"Q-290","7938","राजस्थान के इतिहास के स्रोत",38,"राजस्थान के इतिहास के स्रोत","CONFIDENT","Content verified: Primary examinable facts in questions align with Master Topic 38 (राजस्थान के इतिहास के स्रोत)."
"Q-291","7958","राजस्थान के इतिहास के स्रोत",38,"राजस्थान के इतिहास के स्रोत","CONFIDENT","Content verified: Primary examinable facts in questions align with Master Topic 38 (राजस्थान के इतिहास के स्रोत)."
"Q-292","7978","राजस्थान के इतिहास के स्रोत",38,"राजस्थान के इतिहास के स्रोत","CONFIDENT","Content verified: Primary examinable facts in questions align with Master Topic 38 (राजस्थान के इतिहास के स्रोत)."
"Q-293","7998","राजस्थान के इतिहास के स्रोत",38,"राजस्थान के इतिहास के स्रोत","CONFIDENT","Content verified: Primary examinable facts in questions align with Master Topic 38 (राजस्थान के इतिहास के स्रोत)."
"Q-294","8019","राजस्थान के इतिहास के स्रोत",38,"राजस्थान के इतिहास के स्रोत","CONFIDENT","Content verified: Primary examinable facts in questions align with Master Topic 38 (राजस्थान के इतिहास के स्रोत)."
"Q-295","8039","राजस्थान के इतिहास के स्रोत",38,"राजस्थान के इतिहास के स्रोत","CONFIDENT","Content verified: Primary examinable facts in questions align with Master Topic 38 (राजस्थान के इतिहास के स्रोत)."
"Q-296","8059","राजस्थान के इतिहास के स्रोत",38,"राजस्थान के इतिहास के स्रोत","CONFIDENT","Content verified: Primary examinable facts in questions align with Master Topic 38 (राजस्थान के इतिहास के स्रोत)."
"Q-297","8153","राजस्थान के इतिहास के स्रोत",38,"राजस्थान के इतिहास के स्रोत","CONFIDENT","Content verified: Primary examinable facts in questions align with Master Topic 38 (राजस्थान के इतिहास के स्रोत)."
"Q-298","1215","राजस्थान के ऊर्जा संसाधन",16,"राजस्थान के ऊर्जा संसाधन","CONFIDENT","Content verified: Primary examinable facts in questions align with Master Topic 16 (राजस्थान के ऊर्जा संसाधन)."
"Q-299","1235","राजस्थान के ऊर्जा संसाधन",16,"राजस्थान के ऊर्जा संसाधन","CONFIDENT","Content verified: Primary examinable facts in questions align with Master Topic 16 (राजस्थान के ऊर्जा संसाधन)."
"Q-300","1258","राजस्थान के ऊर्जा संसाधन",16,"राजस्थान के ऊर्जा संसाधन","CONFIDENT","Content verified: Primary examinable facts in questions align with Master Topic 16 (राजस्थान के ऊर्जा संसाधन)."
"Q-301","1285","राजस्थान के ऊर्जा संसाधन",16,"राजस्थान के ऊर्जा संसाधन","CONFIDENT","Content verified: Primary examinable facts in questions align with Master Topic 16 (राजस्थान के ऊर्जा संसाधन)."
"Q-302","1304","राजस्थान के ऊर्जा संसाधन",16,"राजस्थान के ऊर्जा संसाधन","CONFIDENT","Content verified: Primary examinable facts in questions align with Master Topic 16 (राजस्थान के ऊर्जा संसाधन)."
"Q-303","1324","राजस्थान के ऊर्जा संसाधन",16,"राजस्थान के ऊर्जा संसाधन","CONFIDENT","Content verified: Primary examinable facts in questions align with Master Topic 16 (राजस्थान के ऊर्जा संसाधन)."
"Q-304","1345","राजस्थान के ऊर्जा संसाधन",16,"राजस्थान के ऊर्जा संसाधन","CONFIDENT","Content verified: Primary examinable facts in questions align with Master Topic 16 (राजस्थान के ऊर्जा संसाधन)."
"Q-305","11","राजस्थान के किसान एवं जनजातीय आंदोलन",50,"राजस्थान के किसान एवं जनजातीय आंदोलन","CONFIDENT","Content verified: Primary examinable facts in questions align with Master Topic 50 (राजस्थान के किसान एवं जनजातीय आंदोलन)."
"Q-306","48","राजस्थान के किसान एवं जनजातीय आंदोलन",50,"राजस्थान के किसान एवं जनजातीय आंदोलन","CONFIDENT","Content verified: Primary examinable facts in questions align with Master Topic 50 (राजस्थान के किसान एवं जनजातीय आंदोलन)."
"Q-307","168","राजस्थान के किसान एवं जनजातीय आंदोलन",50,"राजस्थान के किसान एवं जनजातीय आंदोलन","CONFIDENT","Content verified: Primary examinable facts in questions align with Master Topic 50 (राजस्थान के किसान एवं जनजातीय आंदोलन)."
"Q-308","235","राजस्थान के किसान एवं जनजातीय आंदोलन",50,"राजस्थान के किसान एवं जनजातीय आंदोलन","CONFIDENT","Content verified: Primary examinable facts in questions align with Master Topic 50 (राजस्थान के किसान एवं जनजातीय आंदोलन)."
"Q-309","8483","राजस्थान के किसान एवं जनजातीय आंदोलन",50,"राजस्थान के किसान एवं जनजातीय आंदोलन","CONFIDENT","Content verified: Primary examinable facts in questions align with Master Topic 50 (राजस्थान के किसान एवं जनजातीय आंदोलन)."
"Q-310","19852","राजस्थान के किसान एवं जनजातीय आंदोलन",50,"राजस्थान के किसान एवं जनजातीय आंदोलन","CONFIDENT","Content verified: Primary examinable facts in questions align with Master Topic 50 (राजस्थान के किसान एवं जनजातीय आंदोलन)."
"Q-311","400","राजस्थान के किसान एवं जनजातीय आंदोलन",50,"राजस्थान के किसान एवं जनजातीय आंदोलन","CONFIDENT","Content verified: Primary examinable facts in questions align with Master Topic 50 (राजस्थान के किसान एवं जनजातीय आंदोलन)."
"Q-312","8512","राजस्थान के किसान एवं जनजातीय आंदोलन",50,"राजस्थान के किसान एवं जनजातीय आंदोलन","CONFIDENT","Content verified: Primary examinable facts in questions align with Master Topic 50 (राजस्थान के किसान एवं जनजातीय आंदोलन)."
"Q-313","8521","राजस्थान के किसान एवं जनजातीय आंदोलन",50,"राजस्थान के किसान एवं जनजातीय आंदोलन","CONFIDENT","Content verified: Primary examinable facts in questions align with Master Topic 50 (राजस्थान के किसान एवं जनजातीय आंदोलन)."
"Q-314","2329","राजस्थान के खनिज संसाधन",15,"राजस्थान के खनिज संसाधन","CONFIDENT","Content verified: Primary examinable facts in questions align with Master Topic 15 (राजस्थान के खनिज संसाधन)."
"Q-315","2349","राजस्थान के खनिज संसाधन",15,"राजस्थान के खनिज संसाधन","CONFIDENT","Content verified: Primary examinable facts in questions align with Master Topic 15 (राजस्थान के खनिज संसाधन)."
"Q-316","2369","राजस्थान के खनिज संसाधन",15,"राजस्थान के खनिज संसाधन","CONFIDENT","Content verified: Primary examinable facts in questions align with Master Topic 15 (राजस्थान के खनिज संसाधन)."
"Q-317","2389","राजस्थान के खनिज संसाधन",15,"राजस्थान के खनिज संसाधन","CONFIDENT","Content verified: Primary examinable facts in questions align with Master Topic 15 (राजस्थान के खनिज संसाधन)."
"Q-318","2412","राजस्थान के खनिज संसाधन",15,"राजस्थान के खनिज संसाधन","CONFIDENT","Content verified: Primary examinable facts in questions align with Master Topic 15 (राजस्थान के खनिज संसाधन)."
"Q-319","2435","राजस्थान के खनिज संसाधन",15,"राजस्थान के खनिज संसाधन","CONFIDENT","Content verified: Primary examinable facts in questions align with Master Topic 15 (राजस्थान के खनिज संसाधन)."
"Q-320","2455","राजस्थान के खनिज संसाधन",15,"राजस्थान के खनिज संसाधन","CONFIDENT","Content verified: Primary examinable facts in questions align with Master Topic 15 (राजस्थान के खनिज संसाधन)."
"Q-321","2477","राजस्थान के खनिज संसाधन",15,"राजस्थान के खनिज संसाधन","CONFIDENT","Content verified: Primary examinable facts in questions align with Master Topic 15 (राजस्थान के खनिज संसाधन)."
"Q-322","2497","राजस्थान के खनिज संसाधन",15,"राजस्थान के खनिज संसाधन","CONFIDENT","Content verified: Primary examinable facts in questions align with Master Topic 15 (राजस्थान के खनिज संसाधन)."
"Q-323","18817","राजस्थान के खनिज संसाधन",15,"राजस्थान के खनिज संसाधन","CONFIDENT","Content verified: Primary examinable facts in questions align with Master Topic 15 (राजस्थान के खनिज संसाधन)."
"Q-324","2539","राजस्थान के खनिज संसाधन",15,"राजस्थान के खनिज संसाधन","CONFIDENT","Content verified: Primary examinable facts in questions align with Master Topic 15 (राजस्थान के खनिज संसाधन)."
"Q-325","2562","राजस्थान के खनिज संसाधन",15,"राजस्थान के खनिज संसाधन","CONFIDENT","Content verified: Primary examinable facts in questions align with Master Topic 15 (राजस्थान के खनिज संसाधन)."
"Q-326","18821","राजस्थान के खनिज संसाधन",15,"राजस्थान के खनिज संसाधन","CONFIDENT","Content verified: Primary examinable facts in questions align with Master Topic 15 (राजस्थान के खनिज संसाधन)."
"Q-327","2597","राजस्थान के खनिज संसाधन",15,"राजस्थान के खनिज संसाधन","CONFIDENT","Content verified: Primary examinable facts in questions align with Master Topic 15 (राजस्थान के खनिज संसाधन)."
"Q-328","2713","राजस्थान के खनिज संसाधन",15,"राजस्थान के खनिज संसाधन","CONFIDENT","Content verified: Primary examinable facts in questions align with Master Topic 15 (राजस्थान के खनिज संसाधन)."
"Q-329","11373","राजस्थान के त्योहार",22,"राजस्थान के त्योहार","CONFIDENT","Content verified: Primary examinable facts in questions align with Master Topic 22 (राजस्थान के त्योहार)."
"Q-330","11393","राजस्थान के त्योहार",22,"राजस्थान के त्योहार","CONFIDENT","Content verified: Primary examinable facts in questions align with Master Topic 22 (राजस्थान के त्योहार)."
"Q-331","11416","राजस्थान के त्योहार",22,"राजस्थान के त्योहार","CONFIDENT","Content verified: Primary examinable facts in questions align with Master Topic 22 (राजस्थान के त्योहार)."
"Q-332","11437","राजस्थान के त्योहार",22,"राजस्थान के त्योहार","CONFIDENT","Content verified: Primary examinable facts in questions align with Master Topic 22 (राजस्थान के त्योहार)."
"Q-333","11493","राजस्थान के त्योहार",22,"राजस्थान के त्योहार","CONFIDENT","Content verified: Primary examinable facts in questions align with Master Topic 22 (राजस्थान के त्योहार)."
"Q-334","5521","राजस्थान के पारंपरिक जल स्रोत एवं जल प्रबंधन",20,"राजस्थान के पारंपरिक जल स्रोत एवं जल प्रबंधन","CONFIDENT","Content verified: Primary examinable facts in questions align with Master Topic 20 (राजस्थान के पारंपरिक जल स्रोत एवं जल प्रबंधन)."
"Q-335","5541","राजस्थान के पारंपरिक जल स्रोत एवं जल प्रबंधन",20,"राजस्थान के पारंपरिक जल स्रोत एवं जल प्रबंधन","CONFIDENT","Content verified: Primary examinable facts in questions align with Master Topic 20 (राजस्थान के पारंपरिक जल स्रोत एवं जल प्रबंधन)."
"Q-336","11710","राजस्थान के प्रजामंडल आंदोलन",51,"राजस्थान के प्रजामंडल आंदोलन","CONFIDENT","Content verified: Primary examinable facts in questions align with Master Topic 51 (राजस्थान के प्रजामंडल आंदोलन)."
"Q-337","11730","राजस्थान के प्रजामंडल आंदोलन",51,"राजस्थान के प्रजामंडल आंदोलन","CONFIDENT","Content verified: Primary examinable facts in questions align with Master Topic 51 (राजस्थान के प्रजामंडल आंदोलन)."
"Q-338","11750","राजस्थान के प्रजामंडल आंदोलन",51,"राजस्थान के प्रजामंडल आंदोलन","CONFIDENT","Content verified: Primary examinable facts in questions align with Master Topic 51 (राजस्थान के प्रजामंडल आंदोलन)."
"Q-339","11767","राजस्थान के प्रजामंडल आंदोलन",51,"राजस्थान के प्रजामंडल आंदोलन","CONFIDENT","Content verified: Primary examinable facts in questions align with Master Topic 51 (राजस्थान के प्रजामंडल आंदोलन)."
"Q-340","11788","राजस्थान के प्रजामंडल आंदोलन",51,"राजस्थान के प्रजामंडल आंदोलन","CONFIDENT","Content verified: Primary examinable facts in questions align with Master Topic 51 (राजस्थान के प्रजामंडल आंदोलन)."
"Q-341","570","राजस्थान के प्रजामंडल आंदोलन",51,"राजस्थान के प्रजामंडल आंदोलन","CONFIDENT","Content verified: Primary examinable facts in questions align with Master Topic 51 (राजस्थान के प्रजामंडल आंदोलन)."
"Q-342","9233","राजस्थान के प्रमुख अनुसंधान एवं अध्ययन केंद्र",72,"राजस्थान के प्रमुख अनुसंधान एवं अध्ययन केंद्र","CONFIDENT","Content verified: Primary examinable facts in questions align with Master Topic 72 (राजस्थान के प्रमुख अनुसंधान एवं अध्ययन केंद्र)."
"Q-343","9255","राजस्थान के प्रमुख अनुसंधान एवं अध्ययन केंद्र",72,"राजस्थान के प्रमुख अनुसंधान एवं अध्ययन केंद्र","CONFIDENT","Content verified: Primary examinable facts in questions align with Master Topic 72 (राजस्थान के प्रमुख अनुसंधान एवं अध्ययन केंद्र)."
"Q-344","9276","राजस्थान के प्रमुख अनुसंधान एवं अध्ययन केंद्र",72,"राजस्थान के प्रमुख अनुसंधान एवं अध्ययन केंद्र","CONFIDENT","Content verified: Primary examinable facts in questions align with Master Topic 72 (राजस्थान के प्रमुख अनुसंधान एवं अध्ययन केंद्र)."
"Q-345","846","राजस्थान के प्रमुख उद्योग",17,"राजस्थान के प्रमुख उद्योग","CONFIDENT","Content verified: Primary examinable facts in questions align with Master Topic 17 (राजस्थान के प्रमुख उद्योग)."
"Q-346","867","राजस्थान के प्रमुख उद्योग",17,"राजस्थान के प्रमुख उद्योग","CONFIDENT","Content verified: Primary examinable facts in questions align with Master Topic 17 (राजस्थान के प्रमुख उद्योग)."
"Q-347","886","राजस्थान के प्रमुख उद्योग",17,"राजस्थान के प्रमुख उद्योग","CONFIDENT","Content verified: Primary examinable facts in questions align with Master Topic 17 (राजस्थान के प्रमुख उद्योग)."
"Q-348","906","राजस्थान के प्रमुख उद्योग",17,"राजस्थान के प्रमुख उद्योग","CONFIDENT","Content verified: Primary examinable facts in questions align with Master Topic 17 (राजस्थान के प्रमुख उद्योग)."
"Q-349","930","राजस्थान के प्रमुख उद्योग",17,"राजस्थान के प्रमुख उद्योग","CONFIDENT","Content verified: Primary examinable facts in questions align with Master Topic 17 (राजस्थान के प्रमुख उद्योग)."
"Q-350","952","राजस्थान के प्रमुख उद्योग",17,"राजस्थान के प्रमुख उद्योग","CONFIDENT","Content verified: Primary examinable facts in questions align with Master Topic 17 (राजस्थान के प्रमुख उद्योग)."
"Q-351","975","राजस्थान के प्रमुख उद्योग",17,"राजस्थान के प्रमुख उद्योग","CONFIDENT","Content verified: Primary examinable facts in questions align with Master Topic 17 (राजस्थान के प्रमुख उद्योग)."
"Q-352","995","राजस्थान के प्रमुख उद्योग",17,"राजस्थान के प्रमुख उद्योग","CONFIDENT","Content verified: Primary examinable facts in questions align with Master Topic 17 (राजस्थान के प्रमुख उद्योग)."
"Q-353","1015","राजस्थान के प्रमुख उद्योग",17,"राजस्थान के प्रमुख उद्योग","CONFIDENT","Content verified: Primary examinable facts in questions align with Master Topic 17 (राजस्थान के प्रमुख उद्योग)."
"Q-354","1034","राजस्थान के प्रमुख उद्योग",17,"राजस्थान के प्रमुख उद्योग","CONFIDENT","Content verified: Primary examinable facts in questions align with Master Topic 17 (राजस्थान के प्रमुख उद्योग)."
"Q-355","1051","राजस्थान के प्रमुख उद्योग",17,"राजस्थान के प्रमुख उद्योग","CONFIDENT","Content verified: Primary examinable facts in questions align with Master Topic 17 (राजस्थान के प्रमुख उद्योग)."
"Q-356","1072","राजस्थान के प्रमुख उद्योग",17,"राजस्थान के प्रमुख उद्योग","CONFIDENT","Content verified: Primary examinable facts in questions align with Master Topic 17 (राजस्थान के प्रमुख उद्योग)."
"Q-357","10985","राजस्थान के प्रमुख व्यक्तित्व",55,"राजस्थान के प्रमुख व्यक्तित्व","CONFIDENT","Content verified: Primary examinable facts in questions align with Master Topic 55 (राजस्थान के प्रमुख व्यक्तित्व)."
"Q-358","11009","राजस्थान के प्रमुख व्यक्तित्व",55,"राजस्थान के प्रमुख व्यक्तित्व","CONFIDENT","Content verified: Primary examinable facts in questions align with Master Topic 55 (राजस्थान के प्रमुख व्यक्तित्व)."
"Q-359","11040","राजस्थान के प्रमुख व्यक्तित्व",55,"राजस्थान के प्रमुख व्यक्तित्व","CONFIDENT","Content verified: Primary examinable facts in questions align with Master Topic 55 (राजस्थान के प्रमुख व्यक्तित्व)."
"Q-360","11058","राजस्थान के प्रमुख व्यक्तित्व",55,"राजस्थान के प्रमुख व्यक्तित्व","CONFIDENT","Content verified: Primary examinable facts in questions align with Master Topic 55 (राजस्थान के प्रमुख व्यक्तित्व)."
"Q-361","11097","राजस्थान के प्रमुख व्यक्तित्व",55,"राजस्थान के प्रमुख व्यक्तित्व","CONFIDENT","Content verified: Primary examinable facts in questions align with Master Topic 55 (राजस्थान के प्रमुख व्यक्तित्व)."
"Q-362","11112","राजस्थान के प्रमुख व्यक्तित्व",55,"राजस्थान के प्रमुख व्यक्तित्व","CONFIDENT","Content verified: Primary examinable facts in questions align with Master Topic 55 (राजस्थान के प्रमुख व्यक्तित्व)."
"Q-363","20165","राजस्थान के प्रमुख व्यक्तित्व",55,"राजस्थान के प्रमुख व्यक्तित्व","CONFIDENT","Content verified: Primary examinable facts in questions align with Master Topic 55 (राजस्थान के प्रमुख व्यक्तित्व)."
"Q-364","11155","राजस्थान के प्रमुख व्यक्तित्व",55,"राजस्थान के प्रमुख व्यक्तित्व","CONFIDENT","Content verified: Primary examinable facts in questions align with Master Topic 55 (राजस्थान के प्रमुख व्यक्तित्व)."
"Q-365","11171","राजस्थान के प्रमुख व्यक्तित्व",55,"राजस्थान के प्रमुख व्यक्तित्व","CONFIDENT","Content verified: Primary examinable facts in questions align with Master Topic 55 (राजस्थान के प्रमुख व्यक्तित्व)."
"Q-366","20181","राजस्थान के प्रमुख व्यक्तित्व",55,"राजस्थान के प्रमुख व्यक्तित्व","CONFIDENT","Content verified: Primary examinable facts in questions align with Master Topic 55 (राजस्थान के प्रमुख व्यक्तित्व)."
"Q-367","7897","राजस्थान के महाजनपद एवं प्राचीन राजनीतिक इतिहास",39,"राजस्थान के महाजनपद एवं प्राचीन राजनीतिक इतिहास","CONFIDENT","Content verified: Primary examinable facts in questions align with Master Topic 39 (राजस्थान के महाजनपद एवं प्राचीन राजनीतिक इतिहास)."
"Q-368","9361","राजस्थान के मेले",21,"राजस्थान के मेले","CONFIDENT","Content verified: Primary examinable facts in questions align with Master Topic 21 (राजस्थान के मेले)."
"Q-369","9386","राजस्थान के मेले",21,"राजस्थान के मेले","CONFIDENT","Content verified: Primary examinable facts in questions align with Master Topic 21 (राजस्थान के मेले)."
"Q-370","9401","राजस्थान के मेले",21,"राजस्थान के मेले","CONFIDENT","Content verified: Primary examinable facts in questions align with Master Topic 21 (राजस्थान के मेले)."
"Q-371","9421","राजस्थान के मेले",21,"राजस्थान के मेले","CONFIDENT","Content verified: Primary examinable facts in questions align with Master Topic 21 (राजस्थान के मेले)."
"Q-372","9441","राजस्थान के मेले",21,"राजस्थान के मेले","CONFIDENT","Content verified: Primary examinable facts in questions align with Master Topic 21 (राजस्थान के मेले)."
"Q-373","9462","राजस्थान के मेले",21,"राजस्थान के मेले","CONFIDENT","Content verified: Primary examinable facts in questions align with Master Topic 21 (राजस्थान के मेले)."
"Q-374","9482","राजस्थान के मेले",21,"राजस्थान के मेले","CONFIDENT","Content verified: Primary examinable facts in questions align with Master Topic 21 (राजस्थान के मेले)."
"Q-375","9502","राजस्थान के मेले",21,"राजस्थान के मेले","CONFIDENT","Content verified: Primary examinable facts in questions align with Master Topic 21 (राजस्थान के मेले)."
"Q-376","15271","राजस्थान के लोक नृत्य",31,"राजस्थान के लोक नृत्य","CONFIDENT","Content verified: Primary examinable facts in questions align with Master Topic 31 (राजस्थान के लोक नृत्य)."
"Q-377","15309","राजस्थान के लोक नृत्य",31,"राजस्थान के लोक नृत्य","CONFIDENT","Content verified: Primary examinable facts in questions align with Master Topic 31 (राजस्थान के लोक नृत्य)."
"Q-378","15377","राजस्थान के लोक नृत्य",31,"राजस्थान के लोक नृत्य","CONFIDENT","Content verified: Primary examinable facts in questions align with Master Topic 31 (राजस्थान के लोक नृत्य)."
"Q-379","15437","राजस्थान के लोक नृत्य",31,"राजस्थान के लोक नृत्य","CONFIDENT","Content verified: Primary examinable facts in questions align with Master Topic 31 (राजस्थान के लोक नृत्य)."
"Q-380","15508","राजस्थान के लोक नृत्य",31,"राजस्थान के लोक नृत्य","CONFIDENT","Content verified: Primary examinable facts in questions align with Master Topic 31 (राजस्थान के लोक नृत्य)."
"Q-381","15546","राजस्थान के लोक नृत्य",31,"राजस्थान के लोक नृत्य","CONFIDENT","Content verified: Primary examinable facts in questions align with Master Topic 31 (राजस्थान के लोक नृत्य)."
"Q-382","15588","राजस्थान के लोक नृत्य",31,"राजस्थान के लोक नृत्य","CONFIDENT","Content verified: Primary examinable facts in questions align with Master Topic 31 (राजस्थान के लोक नृत्य)."
"Q-383","15642","राजस्थान के लोक नृत्य",31,"राजस्थान के लोक नृत्य","CONFIDENT","Content verified: Primary examinable facts in questions align with Master Topic 31 (राजस्थान के लोक नृत्य)."
"Q-384","15765","राजस्थान के लोक नृत्य",31,"राजस्थान के लोक नृत्य","CONFIDENT","Content verified: Primary examinable facts in questions align with Master Topic 31 (राजस्थान के लोक नृत्य)."
"Q-385","15964","राजस्थान के वन एवं वन्यजीव",10,"राजस्थान के वन एवं वन्यजीव","CONFIDENT","Content verified: Primary examinable facts in questions align with Master Topic 10 (राजस्थान के वन एवं वन्यजीव)."
"Q-386","15980","राजस्थान के वन एवं वन्यजीव",10,"राजस्थान के वन एवं वन्यजीव","NEEDS_REVIEW","NEEDS_REVIEW (Removal Candidate): Contains volatile annual budget question Q#16543 (Rajasthan Budget 2025-26 Leopard Conservation Reserve) which is subject to obsolescence and flagged under Part 3 Removal Candidates."
"Q-387","15991","राजस्थान के वन एवं वन्यजीव",10,"राजस्थान के वन एवं वन्यजीव","CONFIDENT","Content verified: Primary examinable facts in questions align with Master Topic 10 (राजस्थान के वन एवं वन्यजीव)."
"Q-388","16011","राजस्थान के वन एवं वन्यजीव",10,"राजस्थान के वन एवं वन्यजीव","CONFIDENT","Content verified: Primary examinable facts in questions align with Master Topic 10 (राजस्थान के वन एवं वन्यजीव)."
"Q-389","16574","राजस्थान के वन एवं वन्यजीव",10,"राजस्थान के वन एवं वन्यजीव","CONFIDENT","Content verified: Primary examinable facts in questions align with Master Topic 10 (राजस्थान के वन एवं वन्यजीव)."
"Q-390","16607","राजस्थान के वन एवं वन्यजीव",10,"राजस्थान के वन एवं वन्यजीव","CONFIDENT","Content verified: Primary examinable facts in questions align with Master Topic 10 (राजस्थान के वन एवं वन्यजीव)."
"Q-391","16624","राजस्थान के वन एवं वन्यजीव",10,"राजस्थान के वन एवं वन्यजीव","CONFIDENT","Content verified: Primary examinable facts in questions align with Master Topic 10 (राजस्थान के वन एवं वन्यजीव)."
"Q-392","16654","राजस्थान के वन एवं वन्यजीव",10,"राजस्थान के वन एवं वन्यजीव","CONFIDENT","Content verified: Primary examinable facts in questions align with Master Topic 10 (राजस्थान के वन एवं वन्यजीव)."
"Q-393","16096","राजस्थान के वन एवं वन्यजीव",10,"राजस्थान के वन एवं वन्यजीव","CONFIDENT","Content verified: Primary examinable facts in questions align with Master Topic 10 (राजस्थान के वन एवं वन्यजीव)."
"Q-394","16116","राजस्थान के वन एवं वन्यजीव",10,"राजस्थान के वन एवं वन्यजीव","CONFIDENT","Content verified: Primary examinable facts in questions align with Master Topic 10 (राजस्थान के वन एवं वन्यजीव)."
"Q-395","16136","राजस्थान के वन एवं वन्यजीव",10,"राजस्थान के वन एवं वन्यजीव","CONFIDENT","Content verified: Primary examinable facts in questions align with Master Topic 10 (राजस्थान के वन एवं वन्यजीव)."
"Q-396","16157","राजस्थान के वन एवं वन्यजीव",10,"राजस्थान के वन एवं वन्यजीव","CONFIDENT","Content verified: Primary examinable facts in questions align with Master Topic 10 (राजस्थान के वन एवं वन्यजीव)."
"Q-397","16664","राजस्थान के वन एवं वन्यजीव",10,"राजस्थान के वन एवं वन्यजीव","CONFIDENT","Content verified: Primary examinable facts in questions align with Master Topic 10 (राजस्थान के वन एवं वन्यजीव)."
"Q-398","16695","राजस्थान के वन एवं वन्यजीव",10,"राजस्थान के वन एवं वन्यजीव","CONFIDENT","Content verified: Primary examinable facts in questions align with Master Topic 10 (राजस्थान के वन एवं वन्यजीव)."
"Q-399","16176","राजस्थान के वन एवं वन्यजीव",10,"राजस्थान के वन एवं वन्यजीव","CONFIDENT","Content verified: Primary examinable facts in questions align with Master Topic 10 (राजस्थान के वन एवं वन्यजीव)."
"Q-400","16197","राजस्थान के वन एवं वन्यजीव",10,"राजस्थान के वन एवं वन्यजीव","CONFIDENT","Content verified: Primary examinable facts in questions align with Master Topic 10 (राजस्थान के वन एवं वन्यजीव)."
"Q-401","16721","राजस्थान के वन एवं वन्यजीव",10,"राजस्थान के वन एवं वन्यजीव","CONFIDENT","Content verified: Primary examinable facts in questions align with Master Topic 10 (राजस्थान के वन एवं वन्यजीव)."
"Q-402","16225","राजस्थान के वन एवं वन्यजीव",10,"राजस्थान के वन एवं वन्यजीव","CONFIDENT","Content verified: Primary examinable facts in questions align with Master Topic 10 (राजस्थान के वन एवं वन्यजीव)."
"Q-403","16242","राजस्थान के वन एवं वन्यजीव",10,"राजस्थान के वन एवं वन्यजीव","CONFIDENT","Content verified: Primary examinable facts in questions align with Master Topic 10 (राजस्थान के वन एवं वन्यजीव)."
"Q-404","16258","राजस्थान के वन एवं वन्यजीव",10,"राजस्थान के वन एवं वन्यजीव","CONFIDENT","Content verified: Primary examinable facts in questions align with Master Topic 10 (राजस्थान के वन एवं वन्यजीव)."
"Q-405","16278","राजस्थान के वन एवं वन्यजीव",10,"राजस्थान के वन एवं वन्यजीव","CONFIDENT","Content verified: Primary examinable facts in questions align with Master Topic 10 (राजस्थान के वन एवं वन्यजीव)."
"Q-406","16764","राजस्थान के वन एवं वन्यजीव",10,"राजस्थान के वन एवं वन्यजीव","CONFIDENT","Content verified: Primary examinable facts in questions align with Master Topic 10 (राजस्थान के वन एवं वन्यजीव)."
"Q-407","16306","राजस्थान के वन एवं वन्यजीव",10,"राजस्थान के वन एवं वन्यजीव","CONFIDENT","Content verified: Primary examinable facts in questions align with Master Topic 10 (राजस्थान के वन एवं वन्यजीव)."
"Q-408","16325","राजस्थान के वन एवं वन्यजीव",10,"राजस्थान के वन एवं वन्यजीव","CONFIDENT","Content verified: Primary examinable facts in questions align with Master Topic 10 (राजस्थान के वन एवं वन्यजीव)."
"Q-409","16342","राजस्थान के वन एवं वन्यजीव",10,"राजस्थान के वन एवं वन्यजीव","CONFIDENT","Content verified: Primary examinable facts in questions align with Master Topic 10 (राजस्थान के वन एवं वन्यजीव)."
"Q-410","16350","राजस्थान के वन एवं वन्यजीव",10,"राजस्थान के वन एवं वन्यजीव","CONFIDENT","Content verified: Primary examinable facts in questions align with Master Topic 10 (राजस्थान के वन एवं वन्यजीव)."
"Q-411","16370","राजस्थान के वन एवं वन्यजीव",10,"राजस्थान के वन एवं वन्यजीव","CONFIDENT","Content verified: Primary examinable facts in questions align with Master Topic 10 (राजस्थान के वन एवं वन्यजीव)."
"Q-412","19016","राजस्थान के वन एवं वन्यजीव",10,"राजस्थान के वन एवं वन्यजीव","CONFIDENT","Content verified: Primary examinable facts in questions align with Master Topic 10 (राजस्थान के वन एवं वन्यजीव)."
"Q-413","19020","राजस्थान के वन एवं वन्यजीव",10,"राजस्थान के वन एवं वन्यजीव","CONFIDENT","Content verified: Primary examinable facts in questions align with Master Topic 10 (राजस्थान के वन एवं वन्यजीव)."
"Q-414","16417","राजस्थान के वन एवं वन्यजीव",10,"राजस्थान के वन एवं वन्यजीव","CONFIDENT","Content verified: Primary examinable facts in questions align with Master Topic 10 (राजस्थान के वन एवं वन्यजीव)."
"Q-415","16834","राजस्थान के वन एवं वन्यजीव",10,"राजस्थान के वन एवं वन्यजीव","CONFIDENT","Content verified: Primary examinable facts in questions align with Master Topic 10 (राजस्थान के वन एवं वन्यजीव)."
"Q-416","4891","राजस्थान के संत, संप्रदाय एवं धार्मिक परंपराएँ",28,"राजस्थान के लोक देवता एवं लोक देवियाँ","CONFIDENT","Content verified: Primary examinable facts focus on Folk Deities (13/20 Qs on Ramdevji, Tejaji, Pabuji, Gogaji, Lok Devis) rather than Bhakti saints/sects."
"Q-417","4916","राजस्थान के संत, संप्रदाय एवं धार्मिक परंपराएँ",29,"राजस्थान के संत, संप्रदाय एवं धार्मिक परंपराएँ","CONFIDENT","Content verified: Primary examinable facts in questions align with Master Topic 29 (राजस्थान के संत, संप्रदाय एवं धार्मिक परंपराएँ)."
"Q-418","4929","राजस्थान के संत, संप्रदाय एवं धार्मिक परंपराएँ",28,"राजस्थान के लोक देवता एवं लोक देवियाँ","CONFIDENT","Content verified: Primary examinable facts focus on Folk Deities (15/20 Qs on Ramdevji, Tejaji, Pabuji, Gogaji, Lok Devis) rather than Bhakti saints/sects."
"Q-419","4952","राजस्थान के संत, संप्रदाय एवं धार्मिक परंपराएँ",28,"राजस्थान के लोक देवता एवं लोक देवियाँ","CONFIDENT","Content verified: Primary examinable facts focus on Folk Deities (12/20 Qs on Ramdevji, Tejaji, Pabuji, Gogaji, Lok Devis) rather than Bhakti saints/sects."
"Q-420","4973","राजस्थान के संत, संप्रदाय एवं धार्मिक परंपराएँ",29,"राजस्थान के संत, संप्रदाय एवं धार्मिक परंपराएँ","CONFIDENT","Content verified: Primary examinable facts in questions align with Master Topic 29 (राजस्थान के संत, संप्रदाय एवं धार्मिक परंपराएँ)."
"Q-421","4993","राजस्थान के संत, संप्रदाय एवं धार्मिक परंपराएँ",29,"राजस्थान के संत, संप्रदाय एवं धार्मिक परंपराएँ","CONFIDENT","Content verified: Primary examinable facts in questions align with Master Topic 29 (राजस्थान के संत, संप्रदाय एवं धार्मिक परंपराएँ)."
"Q-422","5013","राजस्थान के संत, संप्रदाय एवं धार्मिक परंपराएँ",29,"राजस्थान के संत, संप्रदाय एवं धार्मिक परंपराएँ","CONFIDENT","Content verified: Primary examinable facts in questions align with Master Topic 29 (राजस्थान के संत, संप्रदाय एवं धार्मिक परंपराएँ)."
"Q-423","5024","राजस्थान के संत, संप्रदाय एवं धार्मिक परंपराएँ",29,"राजस्थान के संत, संप्रदाय एवं धार्मिक परंपराएँ","CONFIDENT","Content verified: Primary examinable facts in questions align with Master Topic 29 (राजस्थान के संत, संप्रदाय एवं धार्मिक परंपराएँ)."
"Q-424","5053","राजस्थान के संत, संप्रदाय एवं धार्मिक परंपराएँ",28,"राजस्थान के लोक देवता एवं लोक देवियाँ","CONFIDENT","Content verified: Primary examinable facts focus on Folk Deities (12/20 Qs on Ramdevji, Tejaji, Pabuji, Gogaji, Lok Devis) rather than Bhakti saints/sects."
"Q-425","5074","राजस्थान के संत, संप्रदाय एवं धार्मिक परंपराएँ",28,"राजस्थान के लोक देवता एवं लोक देवियाँ","CONFIDENT","Content verified: Primary examinable facts focus on Folk Deities (10/20 Qs on Ramdevji, Tejaji, Pabuji, Gogaji, Lok Devis) rather than Bhakti saints/sects."
"Q-426","5095","राजस्थान के संत, संप्रदाय एवं धार्मिक परंपराएँ",29,"राजस्थान के संत, संप्रदाय एवं धार्मिक परंपराएँ","CONFIDENT","Content verified: Primary examinable facts in questions align with Master Topic 29 (राजस्थान के संत, संप्रदाय एवं धार्मिक परंपराएँ)."
"Q-427","5115","राजस्थान के संत, संप्रदाय एवं धार्मिक परंपराएँ",29,"राजस्थान के संत, संप्रदाय एवं धार्मिक परंपराएँ","CONFIDENT","Content verified: Primary examinable facts in questions align with Master Topic 29 (राजस्थान के संत, संप्रदाय एवं धार्मिक परंपराएँ)."
"Q-428","5136","राजस्थान के संत, संप्रदाय एवं धार्मिक परंपराएँ",29,"राजस्थान के संत, संप्रदाय एवं धार्मिक परंपराएँ","CONFIDENT","Content verified: Primary examinable facts in questions align with Master Topic 29 (राजस्थान के संत, संप्रदाय एवं धार्मिक परंपराएँ)."
"Q-429","5158","राजस्थान के संत, संप्रदाय एवं धार्मिक परंपराएँ",29,"राजस्थान के संत, संप्रदाय एवं धार्मिक परंपराएँ","CONFIDENT","Content verified: Primary examinable facts in questions align with Master Topic 29 (राजस्थान के संत, संप्रदाय एवं धार्मिक परंपराएँ)."
"Q-430","5179","राजस्थान के संत, संप्रदाय एवं धार्मिक परंपराएँ",29,"राजस्थान के संत, संप्रदाय एवं धार्मिक परंपराएँ","CONFIDENT","Content verified: Primary examinable facts in questions align with Master Topic 29 (राजस्थान के संत, संप्रदाय एवं धार्मिक परंपराएँ)."
"Q-431","5200","राजस्थान के संत, संप्रदाय एवं धार्मिक परंपराएँ",29,"राजस्थान के संत, संप्रदाय एवं धार्मिक परंपराएँ","CONFIDENT","Content verified: Primary examinable facts in questions align with Master Topic 29 (राजस्थान के संत, संप्रदाय एवं धार्मिक परंपराएँ)."
"Q-432","5220","राजस्थान के संत, संप्रदाय एवं धार्मिक परंपराएँ",29,"राजस्थान के संत, संप्रदाय एवं धार्मिक परंपराएँ","CONFIDENT","Content verified: Primary examinable facts in questions align with Master Topic 29 (राजस्थान के संत, संप्रदाय एवं धार्मिक परंपराएँ)."
"Q-433","5242","राजस्थान के संत, संप्रदाय एवं धार्मिक परंपराएँ",29,"राजस्थान के संत, संप्रदाय एवं धार्मिक परंपराएँ","CONFIDENT","Content verified: Primary examinable facts in questions align with Master Topic 29 (राजस्थान के संत, संप्रदाय एवं धार्मिक परंपराएँ)."
"Q-434","5445","राजस्थान के संत, संप्रदाय एवं धार्मिक परंपराएँ",29,"राजस्थान के संत, संप्रदाय एवं धार्मिक परंपराएँ","CONFIDENT","Content verified: Primary examinable facts in questions align with Master Topic 29 (राजस्थान के संत, संप्रदाय एवं धार्मिक परंपराएँ)."
"Q-435","13999","राजस्थान के संवैधानिक आयोग एवं संस्थाएँ",71,"राजस्थान के संवैधानिक आयोग एवं संस्थाएँ","CONFIDENT","Content verified: Primary examinable facts in questions align with Master Topic 71 (राजस्थान के संवैधानिक आयोग एवं संस्थाएँ)."
"Q-436","14040","राजस्थान के संवैधानिक आयोग एवं संस्थाएँ",71,"राजस्थान के संवैधानिक आयोग एवं संस्थाएँ","CONFIDENT","Content verified: Primary examinable facts in questions align with Master Topic 71 (राजस्थान के संवैधानिक आयोग एवं संस्थाएँ)."
"Q-437","14090","राजस्थान के संवैधानिक आयोग एवं संस्थाएँ",71,"राजस्थान के संवैधानिक आयोग एवं संस्थाएँ","CONFIDENT","Content verified: Primary examinable facts in questions align with Master Topic 71 (राजस्थान के संवैधानिक आयोग एवं संस्थाएँ)."
"Q-438","14111","राजस्थान के संवैधानिक आयोग एवं संस्थाएँ",71,"राजस्थान के संवैधानिक आयोग एवं संस्थाएँ","CONFIDENT","Content verified: Primary examinable facts in questions align with Master Topic 71 (राजस्थान के संवैधानिक आयोग एवं संस्थाएँ)."
"Q-439","14155","राजस्थान के संवैधानिक आयोग एवं संस्थाएँ",71,"राजस्थान के संवैधानिक आयोग एवं संस्थाएँ","CONFIDENT","Content verified: Primary examinable facts in questions align with Master Topic 71 (राजस्थान के संवैधानिक आयोग एवं संस्थाएँ)."
"Q-440","14209","राजस्थान के संवैधानिक आयोग एवं संस्थाएँ",71,"राजस्थान के संवैधानिक आयोग एवं संस्थाएँ","CONFIDENT","Content verified: Primary examinable facts in questions align with Master Topic 71 (राजस्थान के संवैधानिक आयोग एवं संस्थाएँ)."
"Q-441","20648","राजस्थान के संवैधानिक आयोग एवं संस्थाएँ",71,"राजस्थान के संवैधानिक आयोग एवं संस्थाएँ","CONFIDENT","Content verified: Primary examinable facts in questions align with Master Topic 71 (राजस्थान के संवैधानिक आयोग एवं संस्थाएँ)."
"Q-442","20656","राजस्थान के संवैधानिक आयोग एवं संस्थाएँ",71,"राजस्थान के संवैधानिक आयोग एवं संस्थाएँ","CONFIDENT","Content verified: Primary examinable facts in questions align with Master Topic 71 (राजस्थान के संवैधानिक आयोग एवं संस्थाएँ)."
"Q-443","14293","राजस्थान के संवैधानिक आयोग एवं संस्थाएँ",71,"राजस्थान के संवैधानिक आयोग एवं संस्थाएँ","CONFIDENT","Content verified: Primary examinable facts in questions align with Master Topic 71 (राजस्थान के संवैधानिक आयोग एवं संस्थाएँ)."
"Q-444","20676","राजस्थान के संवैधानिक आयोग एवं संस्थाएँ",71,"राजस्थान के संवैधानिक आयोग एवं संस्थाएँ","CONFIDENT","Content verified: Primary examinable facts in questions align with Master Topic 71 (राजस्थान के संवैधानिक आयोग एवं संस्थाएँ)."
"Q-445","17955","राजस्थान के हस्तशिल्प एवं हस्तकलाएँ",27,"राजस्थान के हस्तशिल्प एवं हस्तकलाएँ","CONFIDENT","Content verified: Primary examinable facts in questions align with Master Topic 27 (राजस्थान के हस्तशिल्प एवं हस्तकलाएँ)."
"Q-446","17999","राजस्थान के हस्तशिल्प एवं हस्तकलाएँ",27,"राजस्थान के हस्तशिल्प एवं हस्तकलाएँ","CONFIDENT","Content verified: Primary examinable facts in questions align with Master Topic 27 (राजस्थान के हस्तशिल्प एवं हस्तकलाएँ)."
"Q-447","18021","राजस्थान के हस्तशिल्प एवं हस्तकलाएँ",27,"राजस्थान के हस्तशिल्प एवं हस्तकलाएँ","CONFIDENT","Content verified: Primary examinable facts in questions align with Master Topic 27 (राजस्थान के हस्तशिल्प एवं हस्तकलाएँ)."
"Q-448","18044","राजस्थान के हस्तशिल्प एवं हस्तकलाएँ",27,"राजस्थान के हस्तशिल्प एवं हस्तकलाएँ","CONFIDENT","Content verified: Primary examinable facts in questions align with Master Topic 27 (राजस्थान के हस्तशिल्प एवं हस्तकलाएँ)."
"Q-449","18068","राजस्थान के हस्तशिल्प एवं हस्तकलाएँ",27,"राजस्थान के हस्तशिल्प एवं हस्तकलाएँ","CONFIDENT","Content verified: Primary examinable facts in questions align with Master Topic 27 (राजस्थान के हस्तशिल्प एवं हस्तकलाएँ)."
"Q-450","18096","राजस्थान के हस्तशिल्प एवं हस्तकलाएँ",27,"राजस्थान के हस्तशिल्प एवं हस्तकलाएँ","CONFIDENT","Content verified: Primary examinable facts in questions align with Master Topic 27 (राजस्थान के हस्तशिल्प एवं हस्तकलाएँ)."
"Q-451","18140","राजस्थान के हस्तशिल्प एवं हस्तकलाएँ",27,"राजस्थान के हस्तशिल्प एवं हस्तकलाएँ","CONFIDENT","Content verified: Primary examinable facts in questions align with Master Topic 27 (राजस्थान के हस्तशिल्प एवं हस्तकलाएँ)."
"Q-452","18172","राजस्थान के हस्तशिल्प एवं हस्तकलाएँ",27,"राजस्थान के हस्तशिल्प एवं हस्तकलाएँ","CONFIDENT","Content verified: Primary examinable facts in questions align with Master Topic 27 (राजस्थान के हस्तशिल्प एवं हस्तकलाएँ)."
"Q-453","18193","राजस्थान के हस्तशिल्प एवं हस्तकलाएँ",27,"राजस्थान के हस्तशिल्प एवं हस्तकलाएँ","CONFIDENT","Content verified: Primary examinable facts in questions align with Master Topic 27 (राजस्थान के हस्तशिल्प एवं हस्तकलाएँ)."
"Q-454","18222","राजस्थान के हस्तशिल्प एवं हस्तकलाएँ",27,"राजस्थान के हस्तशिल्प एवं हस्तकलाएँ","CONFIDENT","Content verified: Primary examinable facts in questions align with Master Topic 27 (राजस्थान के हस्तशिल्प एवं हस्तकलाएँ)."
"Q-455","18247","राजस्थान के हस्तशिल्प एवं हस्तकलाएँ",27,"राजस्थान के हस्तशिल्प एवं हस्तकलाएँ","CONFIDENT","Content verified: Primary examinable facts in questions align with Master Topic 27 (राजस्थान के हस्तशिल्प एवं हस्तकलाएँ)."
"Q-456","18273","राजस्थान के हस्तशिल्प एवं हस्तकलाएँ",27,"राजस्थान के हस्तशिल्प एवं हस्तकलाएँ","CONFIDENT","Content verified: Primary examinable facts in questions align with Master Topic 27 (राजस्थान के हस्तशिल्प एवं हस्तकलाएँ)."
"Q-457","16962","राजस्थान पंचायती राज एवं स्थानीय स्वशासन",65,"राजस्थान पंचायती राज एवं स्थानीय स्वशासन","CONFIDENT","Content verified: Primary examinable facts in questions align with Master Topic 65 (राजस्थान पंचायती राज एवं स्थानीय स्वशासन)."
"Q-458","16980","राजस्थान पंचायती राज एवं स्थानीय स्वशासन",65,"राजस्थान पंचायती राज एवं स्थानीय स्वशासन","CONFIDENT","Content verified: Primary examinable facts in questions align with Master Topic 65 (राजस्थान पंचायती राज एवं स्थानीय स्वशासन)."
"Q-459","16993","राजस्थान पंचायती राज एवं स्थानीय स्वशासन",65,"राजस्थान पंचायती राज एवं स्थानीय स्वशासन","CONFIDENT","Content verified: Primary examinable facts in questions align with Master Topic 65 (राजस्थान पंचायती राज एवं स्थानीय स्वशासन)."
"Q-460","17013","राजस्थान पंचायती राज एवं स्थानीय स्वशासन",65,"राजस्थान पंचायती राज एवं स्थानीय स्वशासन","CONFIDENT","Content verified: Primary examinable facts in questions align with Master Topic 65 (राजस्थान पंचायती राज एवं स्थानीय स्वशासन)."
"Q-461","17035","राजस्थान पंचायती राज एवं स्थानीय स्वशासन",65,"राजस्थान पंचायती राज एवं स्थानीय स्वशासन","CONFIDENT","Content verified: Primary examinable facts in questions align with Master Topic 65 (राजस्थान पंचायती राज एवं स्थानीय स्वशासन)."
"Q-462","17056","राजस्थान पंचायती राज एवं स्थानीय स्वशासन",65,"राजस्थान पंचायती राज एवं स्थानीय स्वशासन","CONFIDENT","Content verified: Primary examinable facts in questions align with Master Topic 65 (राजस्थान पंचायती राज एवं स्थानीय स्वशासन)."
"Q-463","17081","राजस्थान पंचायती राज एवं स्थानीय स्वशासन",65,"राजस्थान पंचायती राज एवं स्थानीय स्वशासन","CONFIDENT","Content verified: Primary examinable facts in questions align with Master Topic 65 (राजस्थान पंचायती राज एवं स्थानीय स्वशासन)."
"Q-464","12015","राजस्थान महिला आयोग",69,"राजस्थान महिला आयोग","CONFIDENT","Content verified: Primary examinable facts in questions align with Master Topic 69 (राजस्थान महिला आयोग)."
"Q-465","13996","राजस्थान मानवाधिकार आयोग",68,"राजस्थान मानवाधिकार आयोग","CONFIDENT","Content verified: Primary examinable facts in questions align with Master Topic 68 (राजस्थान मानवाधिकार आयोग)."
"Q-466","14140","राजस्थान मानवाधिकार आयोग",68,"राजस्थान मानवाधिकार आयोग","CONFIDENT","Content verified: Primary examinable facts in questions align with Master Topic 68 (राजस्थान मानवाधिकार आयोग)."
"Q-467","14248","राजस्थान मानवाधिकार आयोग",68,"राजस्थान मानवाधिकार आयोग","CONFIDENT","Content verified: Primary examinable facts in questions align with Master Topic 68 (राजस्थान मानवाधिकार आयोग)."
"Q-468","8194","राजस्थान में 1857 का विद्रोह",49,"राजस्थान में 1857 का विद्रोह","CONFIDENT","Content verified: Primary examinable facts in questions align with Master Topic 49 (राजस्थान में 1857 का विद्रोह)."
"Q-469","8217","राजस्थान में 1857 का विद्रोह",49,"राजस्थान में 1857 का विद्रोह","CONFIDENT","Content verified: Primary examinable facts in questions align with Master Topic 49 (राजस्थान में 1857 का विद्रोह)."
"Q-470","324","राजस्थान में 1857 का विद्रोह",49,"राजस्थान में 1857 का विद्रोह","CONFIDENT","Content verified: Primary examinable facts in questions align with Master Topic 49 (राजस्थान में 1857 का विद्रोह)."
"Q-471","8281","राजस्थान में 1857 का विद्रोह",49,"राजस्थान में 1857 का विद्रोह","CONFIDENT","Content verified: Primary examinable facts in questions align with Master Topic 49 (राजस्थान में 1857 का विद्रोह)."
"Q-472","8333","राजस्थान में 1857 का विद्रोह",49,"राजस्थान में 1857 का विद्रोह","CONFIDENT","Content verified: Primary examinable facts in questions align with Master Topic 49 (राजस्थान में 1857 का विद्रोह)."
"Q-473","8394","राजस्थान में 1857 का विद्रोह",49,"राजस्थान में 1857 का विद्रोह","CONFIDENT","Content verified: Primary examinable facts in questions align with Master Topic 49 (राजस्थान में 1857 का विद्रोह)."
"Q-474","6237","राजस्थान में प्रेस एवं पत्रकारिता",57,"राजस्थान में प्रेस एवं पत्रकारिता","CONFIDENT","Content verified: Primary examinable facts in questions align with Master Topic 57 (राजस्थान में प्रेस एवं पत्रकारिता)."
"Q-475","6256","राजस्थान में प्रेस एवं पत्रकारिता",57,"राजस्थान में प्रेस एवं पत्रकारिता","CONFIDENT","Content verified: Primary examinable facts in questions align with Master Topic 57 (राजस्थान में प्रेस एवं पत्रकारिता)."
"Q-476","18","राजस्थान में सामाजिक एवं राजनीतिक जागरण",53,"राजस्थान में सामाजिक एवं राजनीतिक जागरण","CONFIDENT","Content verified: Primary examinable facts in questions align with Master Topic 53 (राजस्थान में सामाजिक एवं राजनीतिक जागरण)."
"Q-477","71","राजस्थान में सामाजिक एवं राजनीतिक जागरण",53,"राजस्थान में सामाजिक एवं राजनीतिक जागरण","CONFIDENT","Content verified: Primary examinable facts in questions align with Master Topic 53 (राजस्थान में सामाजिक एवं राजनीतिक जागरण)."
"Q-478","178","राजस्थान में सामाजिक एवं राजनीतिक जागरण",53,"राजस्थान में सामाजिक एवं राजनीतिक जागरण","CONFIDENT","Content verified: Primary examinable facts in questions align with Master Topic 53 (राजस्थान में सामाजिक एवं राजनीतिक जागरण)."
"Q-479","242","राजस्थान में सामाजिक एवं राजनीतिक जागरण",53,"राजस्थान में सामाजिक एवं राजनीतिक जागरण","CONFIDENT","Content verified: Primary examinable facts in questions align with Master Topic 53 (राजस्थान में सामाजिक एवं राजनीतिक जागरण)."
"Q-480","298","राजस्थान में सामाजिक एवं राजनीतिक जागरण",53,"राजस्थान में सामाजिक एवं राजनीतिक जागरण","CONFIDENT","Content verified: Primary examinable facts in questions align with Master Topic 53 (राजस्थान में सामाजिक एवं राजनीतिक जागरण)."
"Q-481","336","राजस्थान में सामाजिक एवं राजनीतिक जागरण",53,"राजस्थान में सामाजिक एवं राजनीतिक जागरण","CONFIDENT","Content verified: Primary examinable facts in questions align with Master Topic 53 (राजस्थान में सामाजिक एवं राजनीतिक जागरण)."
"Q-482","18733","राजस्थान में सामाजिक एवं राजनीतिक जागरण",53,"राजस्थान में सामाजिक एवं राजनीतिक जागरण","CONFIDENT","Content verified: Primary examinable facts in questions align with Master Topic 53 (राजस्थान में सामाजिक एवं राजनीतिक जागरण)."
"Q-483","386","राजस्थान में सामाजिक एवं राजनीतिक जागरण",53,"राजस्थान में सामाजिक एवं राजनीतिक जागरण","CONFIDENT","Content verified: Primary examinable facts in questions align with Master Topic 53 (राजस्थान में सामाजिक एवं राजनीतिक जागरण)."
"Q-484","426","राजस्थान में सामाजिक एवं राजनीतिक जागरण",53,"राजस्थान में सामाजिक एवं राजनीतिक जागरण","CONFIDENT","Content verified: Primary examinable facts in questions align with Master Topic 53 (राजस्थान में सामाजिक एवं राजनीतिक जागरण)."
"Q-485","475","राजस्थान में सामाजिक एवं राजनीतिक जागरण",53,"राजस्थान में सामाजिक एवं राजनीतिक जागरण","CONFIDENT","Content verified: Primary examinable facts in questions align with Master Topic 53 (राजस्थान में सामाजिक एवं राजनीतिक जागरण)."
"Q-486","505","राजस्थान में सामाजिक एवं राजनीतिक जागरण",53,"राजस्थान में सामाजिक एवं राजनीतिक जागरण","CONFIDENT","Content verified: Primary examinable facts in questions align with Master Topic 53 (राजस्थान में सामाजिक एवं राजनीतिक जागरण)."
"Q-487","533","राजस्थान में सामाजिक एवं राजनीतिक जागरण",53,"राजस्थान में सामाजिक एवं राजनीतिक जागरण","CONFIDENT","Content verified: Primary examinable facts in questions align with Master Topic 53 (राजस्थान में सामाजिक एवं राजनीतिक जागरण)."
"Q-488","554","राजस्थान में सामाजिक एवं राजनीतिक जागरण",53,"राजस्थान में सामाजिक एवं राजनीतिक जागरण","CONFIDENT","Content verified: Primary examinable facts in questions align with Master Topic 53 (राजस्थान में सामाजिक एवं राजनीतिक जागरण)."
"Q-489","591","राजस्थान में सामाजिक एवं राजनीतिक जागरण",53,"राजस्थान में सामाजिक एवं राजनीतिक जागरण","CONFIDENT","Content verified: Primary examinable facts in questions align with Master Topic 53 (राजस्थान में सामाजिक एवं राजनीतिक जागरण)."
"Q-490","612","राजस्थान में सामाजिक एवं राजनीतिक जागरण",53,"राजस्थान में सामाजिक एवं राजनीतिक जागरण","CONFIDENT","Content verified: Primary examinable facts in questions align with Master Topic 53 (राजस्थान में सामाजिक एवं राजनीतिक जागरण)."
"Q-491","8205","राजस्थान में स्वतंत्रता आंदोलन के संगठन एवं संस्थाएँ",52,"राजस्थान में स्वतंत्रता आंदोलन के संगठन एवं संस्थाएँ","CONFIDENT","Content verified: Primary examinable facts in questions align with Master Topic 52 (राजस्थान में स्वतंत्रता आंदोलन के संगठन एवं संस्थाएँ)."
"Q-492","8253","राजस्थान में स्वतंत्रता आंदोलन के संगठन एवं संस्थाएँ",52,"राजस्थान में स्वतंत्रता आंदोलन के संगठन एवं संस्थाएँ","CONFIDENT","Content verified: Primary examinable facts in questions align with Master Topic 52 (राजस्थान में स्वतंत्रता आंदोलन के संगठन एवं संस्थाएँ)."
"Q-493","8312","राजस्थान में स्वतंत्रता आंदोलन के संगठन एवं संस्थाएँ",52,"राजस्थान में स्वतंत्रता आंदोलन के संगठन एवं संस्थाएँ","CONFIDENT","Content verified: Primary examinable facts in questions align with Master Topic 52 (राजस्थान में स्वतंत्रता आंदोलन के संगठन एवं संस्थाएँ)."
"Q-494","19866","राजस्थान में स्वतंत्रता आंदोलन के संगठन एवं संस्थाएँ",52,"राजस्थान में स्वतंत्रता आंदोलन के संगठन एवं संस्थाएँ","CONFIDENT","Content verified: Primary examinable facts in questions align with Master Topic 52 (राजस्थान में स्वतंत्रता आंदोलन के संगठन एवं संस्थाएँ)."
"Q-495","19887","राजस्थान में स्वतंत्रता आंदोलन के संगठन एवं संस्थाएँ",52,"राजस्थान में स्वतंत्रता आंदोलन के संगठन एवं संस्थाएँ","CONFIDENT","Content verified: Primary examinable facts in questions align with Master Topic 52 (राजस्थान में स्वतंत्रता आंदोलन के संगठन एवं संस्थाएँ)."
"Q-496","19906","राजस्थान में स्वतंत्रता आंदोलन के संगठन एवं संस्थाएँ",52,"राजस्थान में स्वतंत्रता आंदोलन के संगठन एवं संस्थाएँ","CONFIDENT","Content verified: Primary examinable facts in questions align with Master Topic 52 (राजस्थान में स्वतंत्रता आंदोलन के संगठन एवं संस्थाएँ)."
"Q-497","19922","राजस्थान में स्वतंत्रता आंदोलन के संगठन एवं संस्थाएँ",52,"राजस्थान में स्वतंत्रता आंदोलन के संगठन एवं संस्थाएँ","CONFIDENT","Content verified: Primary examinable facts in questions align with Master Topic 52 (राजस्थान में स्वतंत्रता आंदोलन के संगठन एवं संस्थाएँ)."
"Q-498","19943","राजस्थान में स्वतंत्रता आंदोलन के संगठन एवं संस्थाएँ",52,"राजस्थान में स्वतंत्रता आंदोलन के संगठन एवं संस्थाएँ","CONFIDENT","Content verified: Primary examinable facts in questions align with Master Topic 52 (राजस्थान में स्वतंत्रता आंदोलन के संगठन एवं संस्थाएँ)."
"Q-499","19967","राजस्थान में स्वतंत्रता आंदोलन के संगठन एवं संस्थाएँ",52,"राजस्थान में स्वतंत्रता आंदोलन के संगठन एवं संस्थाएँ","CONFIDENT","Content verified: Primary examinable facts in questions align with Master Topic 52 (राजस्थान में स्वतंत्रता आंदोलन के संगठन एवं संस्थाएँ)."
"Q-500","19989","राजस्थान में स्वतंत्रता आंदोलन के संगठन एवं संस्थाएँ",52,"राजस्थान में स्वतंत्रता आंदोलन के संगठन एवं संस्थाएँ","CONFIDENT","Content verified: Primary examinable facts in questions align with Master Topic 52 (राजस्थान में स्वतंत्रता आंदोलन के संगठन एवं संस्थाएँ)."
"Q-501","20013","राजस्थान में स्वतंत्रता आंदोलन के संगठन एवं संस्थाएँ",52,"राजस्थान में स्वतंत्रता आंदोलन के संगठन एवं संस्थाएँ","CONFIDENT","Content verified: Primary examinable facts in questions align with Master Topic 52 (राजस्थान में स्वतंत्रता आंदोलन के संगठन एवं संस्थाएँ)."
"Q-502","14006","राजस्थान राज्य निर्वाचन आयोग",67,"राजस्थान राज्य निर्वाचन आयोग","CONFIDENT","Content verified: Primary examinable facts in questions align with Master Topic 67 (राजस्थान राज्य निर्वाचन आयोग)."
"Q-503","13988","राजस्थान राज्य प्रशासन",59,"राजस्थान के राज्यपाल","CONFIDENT","Content verified: Primary examinable facts focus on constitutional provisions of Rajasthan Governors (12/20 Qs on Articles 153-162, powers, tenures, discretionary powers)."
"Q-504","14540","राजस्थान राज्य प्रशासन",59,"राजस्थान के राज्यपाल","CONFIDENT","Content verified: Primary examinable facts focus on constitutional provisions of Rajasthan Governors (11/20 Qs on Articles 153-162, powers, tenures, discretionary powers)."
"Q-505","14551","राजस्थान राज्य प्रशासन",58,"राजस्थान राज्य प्रशासन","CONFIDENT","Content verified: Primary examinable facts in questions align with Master Topic 58 (राजस्थान राज्य प्रशासन)."
"Q-506","14564","राजस्थान राज्य प्रशासन",59,"राजस्थान के राज्यपाल","CONFIDENT","Content verified: Primary examinable facts focus on constitutional provisions of Rajasthan Governors (19/20 Qs on Articles 153-162, powers, tenures, discretionary powers)."
"Q-507","14584","राजस्थान राज्य प्रशासन",59,"राजस्थान के राज्यपाल","CONFIDENT","Content verified: Primary examinable facts focus on constitutional provisions of Rajasthan Governors (15/20 Qs on Articles 153-162, powers, tenures, discretionary powers)."
"Q-508","14604","राजस्थान राज्य प्रशासन",58,"राजस्थान राज्य प्रशासन","CONFIDENT","Content verified: Primary examinable facts in questions align with Master Topic 58 (राजस्थान राज्य प्रशासन)."
"Q-509","14638","राजस्थान राज्य प्रशासन",58,"राजस्थान राज्य प्रशासन","CONFIDENT","Content verified: Primary examinable facts in questions align with Master Topic 58 (राजस्थान राज्य प्रशासन)."
"Q-510","14656","राजस्थान राज्य प्रशासन",58,"राजस्थान राज्य प्रशासन","CONFIDENT","Content verified: Primary examinable facts in questions align with Master Topic 58 (राजस्थान राज्य प्रशासन)."
"Q-511","14689","राजस्थान राज्य प्रशासन",58,"राजस्थान राज्य प्रशासन","CONFIDENT","Content verified: Primary examinable facts in questions align with Master Topic 58 (राजस्थान राज्य प्रशासन)."
"Q-512","14713","राजस्थान राज्य प्रशासन",58,"राजस्थान राज्य प्रशासन","CONFIDENT","Content verified: Primary examinable facts in questions align with Master Topic 58 (राजस्थान राज्य प्रशासन)."
"Q-513","14734","राजस्थान राज्य प्रशासन",58,"राजस्थान राज्य प्रशासन","NEEDS_REVIEW","NEEDS_REVIEW (Removal Candidate from Rajasthan GK): Batch contains 3 questions on Federal Polity (President/Vice-President of India, Articles 56, 61, 87, 123). Belongs to Indian Polity (Federal Executive), not Rajasthan State Administration."
"Q-514","14755","राजस्थान राज्य प्रशासन",58,"राजस्थान राज्य प्रशासन","CONFIDENT","Content verified: Primary examinable facts in questions align with Master Topic 58 (राजस्थान राज्य प्रशासन)."
"Q-515","14777","राजस्थान राज्य प्रशासन",58,"राजस्थान राज्य प्रशासन","CONFIDENT","Content verified: Primary examinable facts in questions align with Master Topic 58 (राजस्थान राज्य प्रशासन)."
"Q-516","14793","राजस्थान राज्य प्रशासन",58,"राजस्थान राज्य प्रशासन","CONFIDENT","Content verified: Primary examinable facts in questions align with Master Topic 58 (राजस्थान राज्य प्रशासन)."
"Q-517","14813","राजस्थान राज्य प्रशासन",58,"राजस्थान राज्य प्रशासन","CONFIDENT","Content verified: Primary examinable facts in questions align with Master Topic 58 (राजस्थान राज्य प्रशासन)."
"Q-518","14834","राजस्थान राज्य प्रशासन",58,"राजस्थान राज्य प्रशासन","CONFIDENT","Content verified: Primary examinable facts in questions align with Master Topic 58 (राजस्थान राज्य प्रशासन)."
"Q-519","14858","राजस्थान राज्य प्रशासन",58,"राजस्थान राज्य प्रशासन","CONFIDENT","Content verified: Primary examinable facts in questions align with Master Topic 58 (राजस्थान राज्य प्रशासन)."
"Q-520","14880","राजस्थान राज्य प्रशासन",58,"राजस्थान राज्य प्रशासन","CONFIDENT","Content verified: Primary examinable facts in questions align with Master Topic 58 (राजस्थान राज्य प्रशासन)."
"Q-521","14901","राजस्थान राज्य प्रशासन",58,"राजस्थान राज्य प्रशासन","NEEDS_REVIEW","NEEDS_REVIEW (Removal Candidate from Rajasthan GK): Batch contains 4 questions on Federal Polity (President/Vice-President of India, Articles 56, 61, 87, 123). Belongs to Indian Polity (Federal Executive), not Rajasthan State Administration."
"Q-522","14926","राजस्थान राज्य प्रशासन",58,"राजस्थान राज्य प्रशासन","NEEDS_REVIEW","NEEDS_REVIEW (Removal Candidate from Rajasthan GK): Batch contains 6 questions on Federal Polity (President/Vice-President of India, Articles 56, 61, 87, 123). Belongs to Indian Polity (Federal Executive), not Rajasthan State Administration."
"Q-523","14946","राजस्थान राज्य प्रशासन",59,"राजस्थान के राज्यपाल","CONFIDENT","Content verified: Primary examinable facts focus on constitutional provisions of Rajasthan Governors (10/20 Qs on Articles 153-162, powers, tenures, discretionary powers)."
"Q-524","14967","राजस्थान राज्य प्रशासन",58,"राजस्थान राज्य प्रशासन","CONFIDENT","Content verified: Primary examinable facts in questions align with Master Topic 58 (राजस्थान राज्य प्रशासन)."
"Q-525","14987","राजस्थान राज्य प्रशासन",58,"राजस्थान राज्य प्रशासन","CONFIDENT","Content verified: Primary examinable facts in questions align with Master Topic 58 (राजस्थान राज्य प्रशासन)."
"Q-526","15008","राजस्थान राज्य प्रशासन",58,"राजस्थान राज्य प्रशासन","CONFIDENT","Content verified: Primary examinable facts in questions align with Master Topic 58 (राजस्थान राज्य प्रशासन)."
"Q-527","15030","राजस्थान राज्य प्रशासन",58,"राजस्थान राज्य प्रशासन","NEEDS_REVIEW","NEEDS_REVIEW (Removal Candidate from Rajasthan GK): Batch contains 4 questions on Federal Polity (President/Vice-President of India, Articles 56, 61, 87, 123). Belongs to Indian Polity (Federal Executive), not Rajasthan State Administration."
"Q-528","15051","राजस्थान राज्य प्रशासन",58,"राजस्थान राज्य प्रशासन","CONFIDENT","Content verified: Primary examinable facts in questions align with Master Topic 58 (राजस्थान राज्य प्रशासन)."
"Q-529","15073","राजस्थान राज्य प्रशासन",58,"राजस्थान राज्य प्रशासन","CONFIDENT","Content verified: Primary examinable facts in questions align with Master Topic 58 (राजस्थान राज्य प्रशासन)."
"Q-530","15100","राजस्थान राज्य प्रशासन",58,"राजस्थान राज्य प्रशासन","CONFIDENT","Content verified: Primary examinable facts in questions align with Master Topic 58 (राजस्थान राज्य प्रशासन)."
"Q-531","14404","राजस्थान राज्य विधानमंडल",62,"राजस्थान राज्य विधानमंडल","CONFIDENT","Content verified: Primary examinable facts in questions align with Master Topic 62 (राजस्थान राज्य विधानमंडल)."
"Q-532","14422","राजस्थान राज्य विधानमंडल",62,"राजस्थान राज्य विधानमंडल","CONFIDENT","Content verified: Primary examinable facts in questions align with Master Topic 62 (राजस्थान राज्य विधानमंडल)."
"Q-533","14441","राजस्थान राज्य विधानमंडल",62,"राजस्थान राज्य विधानमंडल","CONFIDENT","Content verified: Primary examinable facts in questions align with Master Topic 62 (राजस्थान राज्य विधानमंडल)."
"Q-534","14459","राजस्थान राज्य विधानमंडल",62,"राजस्थान राज्य विधानमंडल","CONFIDENT","Content verified: Primary examinable facts in questions align with Master Topic 62 (राजस्थान राज्य विधानमंडल)."
"Q-535","14478","राजस्थान राज्य विधानमंडल",62,"राजस्थान राज्य विधानमंडल","CONFIDENT","Content verified: Primary examinable facts in questions align with Master Topic 62 (राजस्थान राज्य विधानमंडल)."
"Q-536","13998","राजस्थान लोक सेवा आयोग (RPSC)",66,"राजस्थान लोक सेवा आयोग (RPSC)","CONFIDENT","Content verified: Primary examinable facts in questions align with Master Topic 66 (राजस्थान लोक सेवा आयोग (RPSC))."
"Q-537","14185","राजस्थान लोक सेवा आयोग (RPSC)",66,"राजस्थान लोक सेवा आयोग (RPSC)","CONFIDENT","Content verified: Primary examinable facts in questions align with Master Topic 66 (राजस्थान लोक सेवा आयोग (RPSC))."
"Q-538","14273","राजस्थान लोक सेवा आयोग (RPSC)",66,"राजस्थान लोक सेवा आयोग (RPSC)","CONFIDENT","Content verified: Primary examinable facts in questions align with Master Topic 66 (राजस्थान लोक सेवा आयोग (RPSC))."
"Q-539","14002","राजस्थान लोकायुक्त",70,"राजस्थान लोकायुक्त","CONFIDENT","Content verified: Primary examinable facts in questions align with Master Topic 70 (राजस्थान लोकायुक्त)."
"Q-540","14240","राजस्थान लोकायुक्त",70,"राजस्थान लोकायुक्त","CONFIDENT","Content verified: Primary examinable facts in questions align with Master Topic 70 (राजस्थान लोकायुक्त)."
"Q-541","12032","राजस्थान विज्ञान एवं प्रौद्योगिकी",73,"राजस्थान विज्ञान एवं प्रौद्योगिकी","CONFIDENT","Content verified: Primary examinable facts in questions align with Master Topic 73 (राजस्थान विज्ञान एवं प्रौद्योगिकी)."
"Q-542","12054","राजस्थान विज्ञान एवं प्रौद्योगिकी",73,"राजस्थान विज्ञान एवं प्रौद्योगिकी","CONFIDENT","Content verified: Primary examinable facts in questions align with Master Topic 73 (राजस्थान विज्ञान एवं प्रौद्योगिकी)."
"Q-543","6311","राजस्थानी भाषा एवं बोलियाँ",32,"राजस्थानी भाषा एवं बोलियाँ","CONFIDENT","Content verified: Primary examinable facts in questions align with Master Topic 32 (राजस्थानी भाषा एवं बोलियाँ)."
"Q-544","6342","राजस्थानी भाषा एवं बोलियाँ",32,"राजस्थानी भाषा एवं बोलियाँ","CONFIDENT","Content verified: Primary examinable facts in questions align with Master Topic 32 (राजस्थानी भाषा एवं बोलियाँ)."
"Q-545","6379","राजस्थानी भाषा एवं बोलियाँ",32,"राजस्थानी भाषा एवं बोलियाँ","CONFIDENT","Content verified: Primary examinable facts in questions align with Master Topic 32 (राजस्थानी भाषा एवं बोलियाँ)."
"Q-546","6425","राजस्थानी भाषा एवं बोलियाँ",32,"राजस्थानी भाषा एवं बोलियाँ","CONFIDENT","Content verified: Primary examinable facts in questions align with Master Topic 32 (राजस्थानी भाषा एवं बोलियाँ)."
"Q-547","6459","राजस्थानी भाषा एवं बोलियाँ",32,"राजस्थानी भाषा एवं बोलियाँ","CONFIDENT","Content verified: Primary examinable facts in questions align with Master Topic 32 (राजस्थानी भाषा एवं बोलियाँ)."
"Q-548","6512","राजस्थानी भाषा एवं बोलियाँ",32,"राजस्थानी भाषा एवं बोलियाँ","CONFIDENT","Content verified: Primary examinable facts in questions align with Master Topic 32 (राजस्थानी भाषा एवं बोलियाँ)."
"Q-549","6535","राजस्थानी भाषा एवं बोलियाँ",32,"राजस्थानी भाषा एवं बोलियाँ","CONFIDENT","Content verified: Primary examinable facts in questions align with Master Topic 32 (राजस्थानी भाषा एवं बोलियाँ)."
"Q-550","6566","राजस्थानी भाषा एवं बोलियाँ",32,"राजस्थानी भाषा एवं बोलियाँ","CONFIDENT","Content verified: Primary examinable facts in questions align with Master Topic 32 (राजस्थानी भाषा एवं बोलियाँ)."
"Q-551","6597","राजस्थानी भाषा एवं बोलियाँ",32,"राजस्थानी भाषा एवं बोलियाँ","CONFIDENT","Content verified: Primary examinable facts in questions align with Master Topic 32 (राजस्थानी भाषा एवं बोलियाँ)."
"Q-552","6639","राजस्थानी भाषा एवं बोलियाँ",32,"राजस्थानी भाषा एवं बोलियाँ","CONFIDENT","Content verified: Primary examinable facts in questions align with Master Topic 32 (राजस्थानी भाषा एवं बोलियाँ)."
"Q-553","19484","राजस्थानी भाषा एवं बोलियाँ",32,"राजस्थानी भाषा एवं बोलियाँ","CONFIDENT","Content verified: Primary examinable facts in questions align with Master Topic 32 (राजस्थानी भाषा एवं बोलियाँ)."
"Q-554","6686","राजस्थानी भाषा एवं बोलियाँ",32,"राजस्थानी भाषा एवं बोलियाँ","CONFIDENT","Content verified: Primary examinable facts in questions align with Master Topic 32 (राजस्थानी भाषा एवं बोलियाँ)."
"Q-555","6720","राजस्थानी भाषा एवं बोलियाँ",32,"राजस्थानी भाषा एवं बोलियाँ","CONFIDENT","Content verified: Primary examinable facts in questions align with Master Topic 32 (राजस्थानी भाषा एवं बोलियाँ)."
"Q-556","6751","राजस्थानी भाषा एवं बोलियाँ",32,"राजस्थानी भाषा एवं बोलियाँ","CONFIDENT","Content verified: Primary examinable facts in questions align with Master Topic 32 (राजस्थानी भाषा एवं बोलियाँ)."
"Q-557","6769","राजस्थानी भाषा एवं बोलियाँ",32,"राजस्थानी भाषा एवं बोलियाँ","CONFIDENT","Content verified: Primary examinable facts in questions align with Master Topic 32 (राजस्थानी भाषा एवं बोलियाँ)."
"Q-558","19514","राजस्थानी भाषा एवं बोलियाँ",32,"राजस्थानी भाषा एवं बोलियाँ","CONFIDENT","Content verified: Primary examinable facts in questions align with Master Topic 32 (राजस्थानी भाषा एवं बोलियाँ)."
"Q-559","19522","राजस्थानी भाषा एवं बोलियाँ",32,"राजस्थानी भाषा एवं बोलियाँ","CONFIDENT","Content verified: Primary examinable facts in questions align with Master Topic 32 (राजस्थानी भाषा एवं बोलियाँ)."
"Q-560","6989","राजस्थानी भाषा एवं बोलियाँ",32,"राजस्थानी भाषा एवं बोलियाँ","CONFIDENT","Content verified: Primary examinable facts in questions align with Master Topic 32 (राजस्थानी भाषा एवं बोलियाँ)."
"Q-561","6312","राजस्थानी शब्दावली",34,"राजस्थानी शब्दावली","CONFIDENT","Content verified: Primary examinable facts in questions align with Master Topic 34 (राजस्थानी शब्दावली)."
"Q-562","6308","राजस्थानी साहित्य",33,"राजस्थानी साहित्य","CONFIDENT","Content verified: Primary examinable facts in questions align with Master Topic 33 (राजस्थानी साहित्य)."
"Q-563","6358","राजस्थानी साहित्य",33,"राजस्थानी साहित्य","CONFIDENT","Content verified: Primary examinable facts in questions align with Master Topic 33 (राजस्थानी साहित्य)."
"Q-564","6412","राजस्थानी साहित्य",33,"राजस्थानी साहित्य","CONFIDENT","Content verified: Primary examinable facts in questions align with Master Topic 33 (राजस्थानी साहित्य)."
"Q-565","6550","राजस्थानी साहित्य",33,"राजस्थानी साहित्य","CONFIDENT","Content verified: Primary examinable facts in questions align with Master Topic 33 (राजस्थानी साहित्य)."
"Q-566","6607","राजस्थानी साहित्य",33,"राजस्थानी साहित्य","CONFIDENT","Content verified: Primary examinable facts in questions align with Master Topic 33 (राजस्थानी साहित्य)."
"Q-567","6647","राजस्थानी साहित्य",33,"राजस्थानी साहित्य","CONFIDENT","Content verified: Primary examinable facts in questions align with Master Topic 33 (राजस्थानी साहित्य)."
"Q-568","6685","राजस्थानी साहित्य",33,"राजस्थानी साहित्य","CONFIDENT","Content verified: Primary examinable facts in questions align with Master Topic 33 (राजस्थानी साहित्य)."
"Q-569","6746","राजस्थानी साहित्य",33,"राजस्थानी साहित्य","CONFIDENT","Content verified: Primary examinable facts in questions align with Master Topic 33 (राजस्थानी साहित्य)."
"Q-570","6780","राजस्थानी साहित्य",33,"राजस्थानी साहित्य","CONFIDENT","Content verified: Primary examinable facts in questions align with Master Topic 33 (राजस्थानी साहित्य)."
"Q-571","6828","राजस्थानी साहित्य",33,"राजस्थानी साहित्य","CONFIDENT","Content verified: Primary examinable facts in questions align with Master Topic 33 (राजस्थानी साहित्य)."
"Q-572","9642","राठौड़ वंश",45,"राठौड़ वंश","CONFIDENT","Content verified: Primary examinable facts in questions align with Master Topic 45 (राठौड़ वंश)."
"Q-573","10039","राठौड़ वंश",45,"राठौड़ वंश","CONFIDENT","Content verified: Primary examinable facts in questions align with Master Topic 45 (राठौड़ वंश)."
"Q-574","10318","राठौड़ वंश",45,"राठौड़ वंश","CONFIDENT","Content verified: Primary examinable facts in questions align with Master Topic 45 (राठौड़ वंश)."